account_id,county,gross_acres,exclusion_reason
0713041849,Carroll,61.9,largest_reachable_block_below_acreage_min_even_with_crossings
0714012338,Carroll,71.39,largest_reachable_block_below_acreage_min_even_with_crossings
0705041279,Carroll,60.79,largest_reachable_block_below_acreage_min_even_with_crossings
0714053565,Carroll,366.51,owner_type_government
0714015043,Carroll,94.06,largest_reachable_block_below_acreage_min_even_with_crossings
0714003150,Carroll,49.74,largest_reachable_block_below_acreage_min_even_with_crossings
0714056726,Carroll,65.56,largest_reachable_block_below_acreage_min_even_with_crossings
0714002839,Carroll,61.56,owner_type_government
0714002588,Carroll,91.51,largest_reachable_block_below_acreage_min_even_with_crossings
0714002626,Carroll,210.46,owner_type_government
0714002634,Carroll,76.53,largest_reachable_block_below_acreage_min_even_with_crossings
0705002141,Carroll,56.03,largest_reachable_block_below_acreage_min_even_with_crossings
0714037233,Carroll,50.84,largest_reachable_block_below_acreage_min_even_with_crossings
0714002758,Carroll,47.21,largest_reachable_block_below_acreage_min_even_with_crossings
0714014004,Carroll,54.8,largest_reachable_block_below_acreage_min_even_with_crossings
0713005362,Carroll,65.01,largest_reachable_block_below_acreage_min_even_with_crossings
0713005621,Carroll,54.4,largest_reachable_block_below_acreage_min_even_with_crossings
0709008160,Carroll,87.2,largest_reachable_block_below_acreage_min_even_with_crossings
0709003096,Carroll,115.23,largest_reachable_block_below_acreage_min_even_with_crossings
0709005986,Carroll,47.63,largest_reachable_block_below_acreage_min_even_with_crossings
0709001212,Carroll,44.59,largest_reachable_block_below_acreage_min_even_with_crossings
0713003971,Carroll,41.76,largest_reachable_block_below_acreage_min_even_with_crossings
0709002073,Carroll,50.54,largest_reachable_block_below_acreage_min_even_with_crossings
0709004033,Carroll,63.78,largest_reachable_block_below_acreage_min_even_with_crossings
0709009248,Carroll,61.02,largest_reachable_block_below_acreage_min_even_with_crossings
0709027726,Carroll,49.5,largest_reachable_block_below_acreage_min_even_with_crossings
0709008322,Carroll,44.03,largest_reachable_block_below_acreage_min_even_with_crossings
0709001689,Carroll,57.64,largest_reachable_block_below_acreage_min_even_with_crossings
0714001727,Carroll,343.96,owner_type_government
0714002790,Carroll,74.14,largest_reachable_block_below_acreage_min_even_with_crossings
0714001719,Carroll,199.66,largest_reachable_block_below_acreage_min_even_with_crossings
0714039120,Carroll,48.06,largest_reachable_block_below_acreage_min_even_with_crossings
0711004474,Carroll,60.61,largest_reachable_block_below_acreage_min_even_with_crossings
0711001270,Carroll,105.69,mprp_tier_1_intersects_studied_route
0711001327,Carroll,73.34,mprp_tier_1_intersects_studied_route
0711002978,Carroll,44.77,largest_reachable_block_below_acreage_min_even_with_crossings
0713002541,Carroll,46.01,largest_reachable_block_below_acreage_min_even_with_crossings
0713041822,Carroll,153.99,owner_type_government
0713001839,Carroll,115.64,largest_reachable_block_below_acreage_min_even_with_crossings
0714008462,Carroll,51.71,largest_reachable_block_below_acreage_min_even_with_crossings
0713001820,Carroll,67.3,largest_reachable_block_below_acreage_min_even_with_crossings
0713019290,Carroll,53.22,largest_reachable_block_below_acreage_min_even_with_crossings
0713019185,Carroll,40.81,largest_reachable_block_below_acreage_min_even_with_crossings
0714048553,Carroll,54.42,largest_reachable_block_below_acreage_min_even_with_crossings
0714014039,Carroll,46.1,largest_reachable_block_below_acreage_min_even_with_crossings
0714043284,Carroll,48.74,largest_reachable_block_below_acreage_min_even_with_crossings
0713028362,Carroll,50.72,largest_reachable_block_below_acreage_min_even_with_crossings
0714010181,Carroll,40.0,largest_reachable_block_below_acreage_min_even_with_crossings
0709001654,Carroll,72.25,largest_reachable_block_below_acreage_min_even_with_crossings
0714035559,Carroll,65.1,largest_reachable_block_below_acreage_min_even_with_crossings
0714015515,Carroll,45.73,largest_reachable_block_below_acreage_min_even_with_crossings
0714011358,Carroll,75.87,largest_reachable_block_below_acreage_min_even_with_crossings
0714048731,Carroll,77.96,largest_reachable_block_below_acreage_min_even_with_crossings
0714010637,Carroll,40.37,largest_reachable_block_below_acreage_min_even_with_crossings
0714017747,Carroll,40.71,largest_reachable_block_below_acreage_min_even_with_crossings
0714015450,Carroll,69.29,largest_reachable_block_below_acreage_min_even_with_crossings
0709031448,Carroll,47.5,largest_reachable_block_below_acreage_min_even_with_crossings
0714001379,Carroll,41.0,largest_reachable_block_below_acreage_min_even_with_crossings
0714008810,Carroll,93.01,largest_reachable_block_below_acreage_min_even_with_crossings
0714057382,Carroll,86.34,largest_reachable_block_below_acreage_min_even_with_crossings
0714017496,Carroll,45.18,largest_reachable_block_below_acreage_min_even_with_crossings
0714001522,Carroll,61.25,largest_reachable_block_below_acreage_min_even_with_crossings
0714046755,Carroll,84.07,largest_reachable_block_below_acreage_min_even_with_crossings
0714051104,Carroll,67.95,owner_type_government
0714030190,Carroll,55.57,largest_reachable_block_below_acreage_min_even_with_crossings
0714012133,Carroll,46.06,largest_reachable_block_below_acreage_min_even_with_crossings
0714012729,Carroll,106.96,largest_reachable_block_below_acreage_min_even_with_crossings
0714009779,Carroll,51.44,largest_reachable_block_below_acreage_min_even_with_crossings
0714053573,Carroll,54.08,largest_reachable_block_below_acreage_min_even_with_crossings
0714010882,Carroll,57.92,largest_reachable_block_below_acreage_min_even_with_crossings
0714014853,Carroll,43.25,largest_reachable_block_below_acreage_min_even_with_crossings
0714430762,Carroll,90.25,largest_reachable_block_below_acreage_min_even_with_crossings
0714017798,Carroll,119.86,largest_reachable_block_below_acreage_min_even_with_crossings
0714004149,Carroll,54.64,largest_reachable_block_below_acreage_min_even_with_crossings
0714002723,Carroll,65.93,largest_reachable_block_below_acreage_min_even_with_crossings
0714045538,Carroll,43.72,largest_reachable_block_below_acreage_min_even_with_crossings
0709000429,Carroll,43.13,largest_reachable_block_below_acreage_min_even_with_crossings
0709020268,Carroll,71.21,largest_reachable_block_below_acreage_min_even_with_crossings
0709024565,Carroll,44.33,largest_reachable_block_below_acreage_min_even_with_crossings
0709020195,Carroll,44.39,largest_reachable_block_below_acreage_min_even_with_crossings
0709001727,Carroll,60.1,largest_reachable_block_below_acreage_min_even_with_crossings
0714002359,Carroll,69.43,largest_reachable_block_below_acreage_min_even_with_crossings
0709004491,Carroll,199.99,largest_reachable_block_below_acreage_min_even_with_crossings
0714013075,Carroll,52.08,largest_reachable_block_below_acreage_min_even_with_crossings
0714001441,Carroll,71.12,largest_reachable_block_below_acreage_min_even_with_crossings
0709024522,Carroll,50.13,largest_reachable_block_below_acreage_min_even_with_crossings
0709000356,Carroll,77.29,largest_reachable_block_below_acreage_min_even_with_crossings
0714010343,Carroll,137.93,owner_type_government
0714003681,Carroll,144.87,owner_type_government
0713008795,Carroll,99.62,largest_reachable_block_below_acreage_min_even_with_crossings
0713024162,Carroll,148.08,largest_reachable_block_below_acreage_min_even_with_crossings
0713008035,Carroll,46.29,largest_reachable_block_below_acreage_min_even_with_crossings
0713001847,Carroll,124.86,largest_reachable_block_below_acreage_min_even_with_crossings
0714039058,Carroll,129.59,largest_reachable_block_below_acreage_min_even_with_crossings
0713001855,Carroll,68.72,largest_reachable_block_below_acreage_min_even_with_crossings
0713006229,Carroll,55.49,largest_reachable_block_below_acreage_min_even_with_crossings
0713003505,Carroll,70.19,largest_reachable_block_below_acreage_min_even_with_crossings
0713005788,Carroll,75.93,largest_reachable_block_below_acreage_min_even_with_crossings
0714037519,Carroll,57.48,largest_reachable_block_below_acreage_min_even_with_crossings
0714008616,Carroll,47.56,largest_reachable_block_below_acreage_min_even_with_crossings
0714008527,Carroll,55.66,largest_reachable_block_below_acreage_min_even_with_crossings
0714006419,Carroll,75.36,largest_reachable_block_below_acreage_min_even_with_crossings
0714005412,Carroll,40.77,largest_reachable_block_below_acreage_min_even_with_crossings
0713023565,Carroll,52.61,largest_reachable_block_below_acreage_min_even_with_crossings
0711004466,Carroll,164.71,mprp_tier_1_intersects_studied_route
0711000053,Carroll,45.32,largest_reachable_block_below_acreage_min_even_with_crossings
0710001226,Carroll,96.11,largest_reachable_block_below_acreage_min_even_with_crossings
0710002370,Carroll,164.04,largest_reachable_block_below_acreage_min_even_with_crossings
0701000764,Carroll,162.42,largest_reachable_block_below_acreage_min_even_with_crossings
0710004527,Carroll,168.77,largest_reachable_block_below_acreage_min_even_with_crossings
0710000688,Carroll,56.64,largest_reachable_block_below_acreage_min_even_with_crossings
0710001064,Carroll,54.04,largest_reachable_block_below_acreage_min_even_with_crossings
0710007038,Carroll,47.85,largest_reachable_block_below_acreage_min_even_with_crossings
0712001533,Carroll,117.82,largest_reachable_block_below_acreage_min_even_with_crossings
0712001622,Carroll,98.82,largest_reachable_block_below_acreage_min_even_with_crossings
1101001477,Frederick,191.02,owner_type_government
1101001787,Frederick,221.29,mprp_tier_1_intersects_studied_route
1101002449,Frederick,86.35,largest_reachable_block_below_acreage_min_even_with_crossings
1101002813,Frederick,157.16,mprp_tier_1_intersects_studied_route
1101004301,Frederick,49.65,largest_reachable_block_below_acreage_min_even_with_crossings
1101004417,Frederick,97.72,largest_reachable_block_below_acreage_min_even_with_crossings
1101004425,Frederick,58.28,largest_reachable_block_below_acreage_min_even_with_crossings
1101004506,Frederick,125.36,mprp_tier_1_intersects_studied_route
1101004883,Frederick,198.45,largest_reachable_block_below_acreage_min_even_with_crossings
1101004891,Frederick,377.52,owner_type_government
1101005154,Frederick,140.88,mprp_tier_1_intersects_studied_route
1101006398,Frederick,81.12,mprp_tier_1_intersects_studied_route
1101009397,Frederick,46.47,largest_reachable_block_below_acreage_min_even_with_crossings
1101011138,Frederick,257.05,mprp_tier_1_intersects_studied_route
1101011472,Frederick,78.89,mprp_tier_1_intersects_studied_route
1101011944,Frederick,62.17,mprp_tier_1_intersects_studied_route
1101012037,Frederick,46.86,largest_reachable_block_below_acreage_min_even_with_crossings
1101012592,Frederick,52.48,largest_reachable_block_below_acreage_min_even_with_crossings
1101012894,Frederick,47.62,largest_reachable_block_below_acreage_min_even_with_crossings
1101013548,Frederick,100.04,largest_reachable_block_below_acreage_min_even_with_crossings
1101014250,Frederick,183.05,largest_reachable_block_below_acreage_min_even_with_crossings
1101014323,Frederick,150.25,largest_reachable_block_below_acreage_min_even_with_crossings
1101014544,Frederick,182.99,mprp_tier_1_intersects_studied_route
1101015141,Frederick,135.34,owner_type_government
1101015559,Frederick,44.86,largest_reachable_block_below_acreage_min_even_with_crossings
1101003968,Frederick,188.45,mprp_tier_1_intersects_studied_route
1101004115,Frederick,302.97,mprp_tier_1_intersects_studied_route
1101004646,Frederick,199.51,largest_reachable_block_below_acreage_min_even_with_crossings
1101005480,Frederick,115.84,mprp_tier_1_intersects_studied_route
1101005499,Frederick,181.89,mprp_tier_1_intersects_studied_route
1101006150,Frederick,43.26,largest_reachable_block_below_acreage_min_even_with_crossings
1101009419,Frederick,131.06,mprp_tier_1_intersects_studied_route
1101009699,Frederick,169.34,mprp_tier_1_intersects_studied_route
1101009907,Frederick,223.14,owner_type_government
1101010360,Frederick,193.88,mprp_tier_1_intersects_studied_route
1101011162,Frederick,47.13,largest_reachable_block_below_acreage_min_even_with_crossings
1101011359,Frederick,68.55,largest_reachable_block_below_acreage_min_even_with_crossings
1101025554,Frederick,78.21,largest_reachable_block_below_acreage_min_even_with_crossings
1101025562,Frederick,43.45,largest_reachable_block_below_acreage_min_even_with_crossings
1101025627,Frederick,173.22,mprp_tier_1_intersects_studied_route
1101012061,Frederick,102.18,mprp_tier_1_intersects_studied_route
1101012096,Frederick,93.73,mprp_tier_1_intersects_studied_route
1101012185,Frederick,101.01,largest_reachable_block_below_acreage_min_even_with_crossings
1101012630,Frederick,112.63,mprp_tier_1_intersects_studied_route
1101013416,Frederick,74.75,largest_reachable_block_below_acreage_min_even_with_crossings
1101014382,Frederick,192.95,largest_reachable_block_below_acreage_min_even_with_crossings
1101024116,Frederick,42.54,largest_reachable_block_below_acreage_min_even_with_crossings
1101025570,Frederick,40.3,largest_reachable_block_below_acreage_min_even_with_crossings
1101025589,Frederick,40.07,largest_reachable_block_below_acreage_min_even_with_crossings
1101025856,Frederick,44.53,largest_reachable_block_below_acreage_min_even_with_crossings
1101028375,Frederick,100.03,mprp_tier_1_intersects_studied_route
1102020947,Frederick,42.59,largest_reachable_block_below_acreage_min_even_with_crossings
1102018608,Frederick,69.73,largest_reachable_block_below_acreage_min_even_with_crossings
1102046164,Frederick,80.7,largest_reachable_block_below_acreage_min_even_with_crossings
1102099659,Frederick,77.75,largest_reachable_block_below_acreage_min_even_with_crossings
1102142481,Frederick,88.99,largest_reachable_block_below_acreage_min_even_with_crossings
1102133857,Frederick,42.89,largest_reachable_block_below_acreage_min_even_with_crossings
1102135264,Frederick,94.07,owner_type_government
1102166534,Frederick,183.27,owner_type_government
1102170760,Frederick,804.9,owner_type_government
1103124681,Frederick,105.77,largest_reachable_block_below_acreage_min_even_with_crossings
1103124908,Frederick,70.45,largest_reachable_block_below_acreage_min_even_with_crossings
1103126285,Frederick,81.98,largest_reachable_block_below_acreage_min_even_with_crossings
1103127788,Frederick,55.19,largest_reachable_block_below_acreage_min_even_with_crossings
1103128628,Frederick,43.04,largest_reachable_block_below_acreage_min_even_with_crossings
1103128849,Frederick,46.61,largest_reachable_block_below_acreage_min_even_with_crossings
1103129179,Frederick,95.78,largest_reachable_block_below_acreage_min_even_with_crossings
1103129268,Frederick,94.29,largest_reachable_block_below_acreage_min_even_with_crossings
1103129640,Frederick,47.25,largest_reachable_block_below_acreage_min_even_with_crossings
1103134113,Frederick,113.86,largest_reachable_block_below_acreage_min_even_with_crossings
1103136086,Frederick,56.44,largest_reachable_block_below_acreage_min_even_with_crossings
1103138429,Frederick,94.17,largest_reachable_block_below_acreage_min_even_with_crossings
1103142515,Frederick,43.71,largest_reachable_block_below_acreage_min_even_with_crossings
1103142612,Frederick,55.41,largest_reachable_block_below_acreage_min_even_with_crossings
1103127850,Frederick,180.33,largest_reachable_block_below_acreage_min_even_with_crossings
1103129683,Frederick,40.54,largest_reachable_block_below_acreage_min_even_with_crossings
1103129772,Frederick,93.9,largest_reachable_block_below_acreage_min_even_with_crossings
1103130487,Frederick,58.65,largest_reachable_block_below_acreage_min_even_with_crossings
1103133656,Frederick,188.31,largest_reachable_block_below_acreage_min_even_with_crossings
1103134768,Frederick,49.68,largest_reachable_block_below_acreage_min_even_with_crossings
1103147193,Frederick,51.27,largest_reachable_block_below_acreage_min_even_with_crossings
1103148130,Frederick,85.65,largest_reachable_block_below_acreage_min_even_with_crossings
1103148211,Frederick,42.61,largest_reachable_block_below_acreage_min_even_with_crossings
1103137732,Frederick,120.8,largest_reachable_block_below_acreage_min_even_with_crossings
1103137929,Frederick,41.08,largest_reachable_block_below_acreage_min_even_with_crossings
1103138100,Frederick,104.54,largest_reachable_block_below_acreage_min_even_with_crossings
1103140652,Frederick,44.19,largest_reachable_block_below_acreage_min_even_with_crossings
1103141691,Frederick,52.29,largest_reachable_block_below_acreage_min_even_with_crossings
1103144151,Frederick,158.26,largest_reachable_block_below_acreage_min_even_with_crossings
1103156672,Frederick,112.7,largest_reachable_block_below_acreage_min_even_with_crossings
1104151666,Frederick,63.25,largest_reachable_block_below_acreage_min_even_with_crossings
1104151674,Frederick,43.71,largest_reachable_block_below_acreage_min_even_with_crossings
1104152832,Frederick,83.63,largest_reachable_block_below_acreage_min_even_with_crossings
1104153685,Frederick,43.45,largest_reachable_block_below_acreage_min_even_with_crossings
1104154991,Frederick,40.26,largest_reachable_block_below_acreage_min_even_with_crossings
1104156579,Frederick,125.84,largest_reachable_block_below_acreage_min_even_with_crossings
1104157303,Frederick,40.54,largest_reachable_block_below_acreage_min_even_with_crossings
1105157269,Frederick,83.89,largest_reachable_block_below_acreage_min_even_with_crossings
1105157277,Frederick,54.47,largest_reachable_block_below_acreage_min_even_with_crossings
1105157560,Frederick,47.32,largest_reachable_block_below_acreage_min_even_with_crossings
1103148289,Frederick,115.96,largest_reachable_block_below_acreage_min_even_with_crossings
1103151298,Frederick,53.13,largest_reachable_block_below_acreage_min_even_with_crossings
1103154009,Frederick,40.42,largest_reachable_block_below_acreage_min_even_with_crossings
1103154939,Frederick,80.0,largest_reachable_block_below_acreage_min_even_with_crossings
1105158850,Frederick,45.15,largest_reachable_block_below_acreage_min_even_with_crossings
1105159318,Frederick,132.66,largest_reachable_block_below_acreage_min_even_with_crossings
1105160006,Frederick,84.56,largest_reachable_block_below_acreage_min_even_with_crossings
1105160294,Frederick,125.11,largest_reachable_block_below_acreage_min_even_with_crossings
1105161568,Frederick,53.42,largest_reachable_block_below_acreage_min_even_with_crossings
1105161797,Frederick,94.92,largest_reachable_block_below_acreage_min_even_with_crossings
1104151437,Frederick,129.09,largest_reachable_block_below_acreage_min_even_with_crossings
1104152212,Frederick,53.81,largest_reachable_block_below_acreage_min_even_with_crossings
1105162718,Frederick,99.88,largest_reachable_block_below_acreage_min_even_with_crossings
1105163676,Frederick,147.97,largest_reachable_block_below_acreage_min_even_with_crossings
1105163692,Frederick,49.22,largest_reachable_block_below_acreage_min_even_with_crossings
1105167469,Frederick,41.52,largest_reachable_block_below_acreage_min_even_with_crossings
1105168058,Frederick,75.04,largest_reachable_block_below_acreage_min_even_with_crossings
1105168325,Frederick,58.44,largest_reachable_block_below_acreage_min_even_with_crossings
1105170567,Frederick,87.28,largest_reachable_block_below_acreage_min_even_with_crossings
1105171393,Frederick,86.69,largest_reachable_block_below_acreage_min_even_with_crossings
1105172667,Frederick,107.1,owner_type_government
1104153138,Frederick,65.1,largest_reachable_block_below_acreage_min_even_with_crossings
1104153693,Frederick,86.4,largest_reachable_block_below_acreage_min_even_with_crossings
1104154126,Frederick,62.81,largest_reachable_block_below_acreage_min_even_with_crossings
1104154746,Frederick,66.2,largest_reachable_block_below_acreage_min_even_with_crossings
1104154878,Frederick,69.7,largest_reachable_block_below_acreage_min_even_with_crossings
1104154924,Frederick,82.97,largest_reachable_block_below_acreage_min_even_with_crossings
1104155300,Frederick,84.96,largest_reachable_block_below_acreage_min_even_with_crossings
1104155580,Frederick,58.28,largest_reachable_block_below_acreage_min_even_with_crossings
1104155653,Frederick,55.48,largest_reachable_block_below_acreage_min_even_with_crossings
1104157451,Frederick,50.05,largest_reachable_block_below_acreage_min_even_with_crossings
1104157982,Frederick,50.62,largest_reachable_block_below_acreage_min_even_with_crossings
1104157990,Frederick,44.91,largest_reachable_block_below_acreage_min_even_with_crossings
1104158008,Frederick,40.92,largest_reachable_block_below_acreage_min_even_with_crossings
1105157218,Frederick,184.05,largest_reachable_block_below_acreage_min_even_with_crossings
1105157226,Frederick,40.46,largest_reachable_block_below_acreage_min_even_with_crossings
1105158087,Frederick,44.91,largest_reachable_block_below_acreage_min_even_with_crossings
1105158303,Frederick,76.81,largest_reachable_block_below_acreage_min_even_with_crossings
1105174104,Frederick,114.09,largest_reachable_block_below_acreage_min_even_with_crossings
1105174449,Frederick,43.97,largest_reachable_block_below_acreage_min_even_with_crossings
1105174554,Frederick,59.08,largest_reachable_block_below_acreage_min_even_with_crossings
1105174597,Frederick,93.4,largest_reachable_block_below_acreage_min_even_with_crossings
1105175488,Frederick,86.62,largest_reachable_block_below_acreage_min_even_with_crossings
1105175704,Frederick,153.37,largest_reachable_block_below_acreage_min_even_with_crossings
1105175720,Frederick,256.54,largest_reachable_block_below_acreage_min_even_with_crossings
1105177596,Frederick,64.59,largest_reachable_block_below_acreage_min_even_with_crossings
1105177693,Frederick,72.38,largest_reachable_block_below_acreage_min_even_with_crossings
1105159954,Frederick,47.33,largest_reachable_block_below_acreage_min_even_with_crossings
1105160367,Frederick,80.45,largest_reachable_block_below_acreage_min_even_with_crossings
1105161304,Frederick,56.27,largest_reachable_block_below_acreage_min_even_with_crossings
1105181119,Frederick,44.14,largest_reachable_block_below_acreage_min_even_with_crossings
1105181658,Frederick,45.86,largest_reachable_block_below_acreage_min_even_with_crossings
1106177964,Frederick,62.41,largest_reachable_block_below_acreage_min_even_with_crossings
1105163331,Frederick,47.05,largest_reachable_block_below_acreage_min_even_with_crossings
1105163412,Frederick,45.67,largest_reachable_block_below_acreage_min_even_with_crossings
1105164672,Frederick,49.49,largest_reachable_block_below_acreage_min_even_with_crossings
1105165083,Frederick,109.4,owner_type_government
1105166411,Frederick,225.79,largest_reachable_block_below_acreage_min_even_with_crossings
1105167957,Frederick,44.92,largest_reachable_block_below_acreage_min_even_with_crossings
1105167973,Frederick,106.9,largest_reachable_block_below_acreage_min_even_with_crossings
1105168376,Frederick,40.52,largest_reachable_block_below_acreage_min_even_with_crossings
1105168503,Frederick,42.81,largest_reachable_block_below_acreage_min_even_with_crossings
1105168600,Frederick,48.9,largest_reachable_block_below_acreage_min_even_with_crossings
1106178359,Frederick,50.15,largest_reachable_block_below_acreage_min_even_with_crossings
1106178553,Frederick,40.3,largest_reachable_block_below_acreage_min_even_with_crossings
1106178936,Frederick,44.83,largest_reachable_block_below_acreage_min_even_with_crossings
1106179045,Frederick,45.49,largest_reachable_block_below_acreage_min_even_with_crossings
1106179223,Frederick,61.62,largest_reachable_block_below_acreage_min_even_with_crossings
1106179428,Frederick,136.56,largest_reachable_block_below_acreage_min_even_with_crossings
1106179509,Frederick,47.56,largest_reachable_block_below_acreage_min_even_with_crossings
1106179681,Frederick,73.58,largest_reachable_block_below_acreage_min_even_with_crossings
1106180175,Frederick,47.33,largest_reachable_block_below_acreage_min_even_with_crossings
1106180566,Frederick,173.02,largest_reachable_block_below_acreage_min_even_with_crossings
1106180701,Frederick,56.5,largest_reachable_block_below_acreage_min_even_with_crossings
1106181775,Frederick,42.49,largest_reachable_block_below_acreage_min_even_with_crossings
1106181945,Frederick,70.68,largest_reachable_block_below_acreage_min_even_with_crossings
1106182917,Frederick,86.85,largest_reachable_block_below_acreage_min_even_with_crossings
1106183174,Frederick,95.56,largest_reachable_block_below_acreage_min_even_with_crossings
1106183751,Frederick,81.95,largest_reachable_block_below_acreage_min_even_with_crossings
1106184383,Frederick,61.44,largest_reachable_block_below_acreage_min_even_with_crossings
1106184588,Frederick,113.67,largest_reachable_block_below_acreage_min_even_with_crossings
1106184596,Frederick,51.7,largest_reachable_block_below_acreage_min_even_with_crossings
1106185088,Frederick,80.2,largest_reachable_block_below_acreage_min_even_with_crossings
1105169771,Frederick,58.21,largest_reachable_block_below_acreage_min_even_with_crossings
1105171067,Frederick,62.65,largest_reachable_block_below_acreage_min_even_with_crossings
1105173213,Frederick,45.24,largest_reachable_block_below_acreage_min_even_with_crossings
1105173388,Frederick,56.68,largest_reachable_block_below_acreage_min_even_with_crossings
1105173396,Frederick,120.72,largest_reachable_block_below_acreage_min_even_with_crossings
1105173493,Frederick,142.63,largest_reachable_block_below_acreage_min_even_with_crossings
1105174406,Frederick,40.37,largest_reachable_block_below_acreage_min_even_with_crossings
1105174414,Frederick,122.69,largest_reachable_block_below_acreage_min_even_with_crossings
1105174643,Frederick,65.49,largest_reachable_block_below_acreage_min_even_with_crossings
1105174724,Frederick,44.28,largest_reachable_block_below_acreage_min_even_with_crossings
1105174791,Frederick,78.97,largest_reachable_block_below_acreage_min_even_with_crossings
1105175763,Frederick,50.08,largest_reachable_block_below_acreage_min_even_with_crossings
1106185460,Frederick,40.73,largest_reachable_block_below_acreage_min_even_with_crossings
1106186521,Frederick,47.71,largest_reachable_block_below_acreage_min_even_with_crossings
1106186750,Frederick,71.64,largest_reachable_block_below_acreage_min_even_with_crossings
1106187099,Frederick,45.83,largest_reachable_block_below_acreage_min_even_with_crossings
1106187137,Frederick,60.9,largest_reachable_block_below_acreage_min_even_with_crossings
1106188346,Frederick,53.44,largest_reachable_block_below_acreage_min_even_with_crossings
1106189342,Frederick,68.97,largest_reachable_block_below_acreage_min_even_with_crossings
1106189539,Frederick,48.28,largest_reachable_block_below_acreage_min_even_with_crossings
1106190669,Frederick,40.74,largest_reachable_block_below_acreage_min_even_with_crossings
1107188536,Frederick,171.98,mprp_tier_1_intersects_studied_route
1107188595,Frederick,40.38,largest_reachable_block_below_acreage_min_even_with_crossings
1107189370,Frederick,131.29,mprp_tier_1_intersects_studied_route
1107189397,Frederick,77.54,largest_reachable_block_below_acreage_min_even_with_crossings
1107189400,Frederick,51.61,mprp_tier_1_intersects_studied_route
1105176891,Frederick,135.82,largest_reachable_block_below_acreage_min_even_with_crossings
1105177634,Frederick,41.61,largest_reachable_block_below_acreage_min_even_with_crossings
1105181356,Frederick,48.21,largest_reachable_block_below_acreage_min_even_with_crossings
1106177468,Frederick,40.65,largest_reachable_block_below_acreage_min_even_with_crossings
1106177719,Frederick,61.15,largest_reachable_block_below_acreage_min_even_with_crossings
1106178863,Frederick,46.72,largest_reachable_block_below_acreage_min_even_with_crossings
1106178901,Frederick,43.93,largest_reachable_block_below_acreage_min_even_with_crossings
1106179231,Frederick,50.44,largest_reachable_block_below_acreage_min_even_with_crossings
1106179754,Frederick,46.84,largest_reachable_block_below_acreage_min_even_with_crossings
1106181783,Frederick,56.64,largest_reachable_block_below_acreage_min_even_with_crossings
1106181813,Frederick,43.97,largest_reachable_block_below_acreage_min_even_with_crossings
1107191618,Frederick,96.24,largest_reachable_block_below_acreage_min_even_with_crossings
1107192371,Frederick,45.53,largest_reachable_block_below_acreage_min_even_with_crossings
1107192681,Frederick,49.56,largest_reachable_block_below_acreage_min_even_with_crossings
1107193610,Frederick,47.24,largest_reachable_block_below_acreage_min_even_with_crossings
1107193823,Frederick,84.92,largest_reachable_block_below_acreage_min_even_with_crossings
1107194099,Frederick,292.82,mprp_tier_1_intersects_studied_route
1107194374,Frederick,46.74,largest_reachable_block_below_acreage_min_even_with_crossings
1107195427,Frederick,69.76,largest_reachable_block_below_acreage_min_even_with_crossings
1107195605,Frederick,49.63,largest_reachable_block_below_acreage_min_even_with_crossings
1107196164,Frederick,106.04,largest_reachable_block_below_acreage_min_even_with_crossings
1107197063,Frederick,275.51,mprp_tier_1_intersects_studied_route
1107198299,Frederick,128.92,largest_reachable_block_below_acreage_min_even_with_crossings
1107199805,Frederick,115.07,largest_reachable_block_below_acreage_min_even_with_crossings
1106182003,Frederick,51.73,largest_reachable_block_below_acreage_min_even_with_crossings
1106182267,Frederick,92.18,largest_reachable_block_below_acreage_min_even_with_crossings
1106182550,Frederick,46.39,largest_reachable_block_below_acreage_min_even_with_crossings
1106183050,Frederick,49.81,largest_reachable_block_below_acreage_min_even_with_crossings
1106183220,Frederick,42.99,largest_reachable_block_below_acreage_min_even_with_crossings
1106184456,Frederick,169.14,largest_reachable_block_below_acreage_min_even_with_crossings
1106184774,Frederick,63.89,largest_reachable_block_below_acreage_min_even_with_crossings
1106184847,Frederick,45.76,largest_reachable_block_below_acreage_min_even_with_crossings
1106185150,Frederick,44.11,largest_reachable_block_below_acreage_min_even_with_crossings
1106185738,Frederick,64.71,largest_reachable_block_below_acreage_min_even_with_crossings
1106186017,Frederick,162.69,largest_reachable_block_below_acreage_min_even_with_crossings
1106186114,Frederick,49.15,largest_reachable_block_below_acreage_min_even_with_crossings
1106186203,Frederick,41.65,largest_reachable_block_below_acreage_min_even_with_crossings
1106186297,Frederick,47.47,largest_reachable_block_below_acreage_min_even_with_crossings
1106186505,Frederick,94.82,largest_reachable_block_below_acreage_min_even_with_crossings
1106186572,Frederick,84.4,largest_reachable_block_below_acreage_min_even_with_crossings
1106186580,Frederick,56.15,largest_reachable_block_below_acreage_min_even_with_crossings
1106186610,Frederick,48.33,largest_reachable_block_below_acreage_min_even_with_crossings
1106186769,Frederick,112.99,largest_reachable_block_below_acreage_min_even_with_crossings
1106187080,Frederick,52.52,owner_type_government
1107201540,Frederick,171.46,mprp_tier_1_intersects_studied_route
1107201958,Frederick,59.15,largest_reachable_block_below_acreage_min_even_with_crossings
1107202024,Frederick,40.75,mprp_tier_1_intersects_studied_route
1107202237,Frederick,234.88,mprp_tier_1_intersects_studied_route
1107202717,Frederick,56.59,largest_reachable_block_below_acreage_min_even_with_crossings
1107203098,Frederick,78.07,largest_reachable_block_below_acreage_min_even_with_crossings
1107206410,Frederick,45.87,mprp_tier_1_intersects_studied_route
1107206879,Frederick,158.0,largest_reachable_block_below_acreage_min_even_with_crossings
1107207131,Frederick,331.78,owner_type_government
1106190944,Frederick,44.48,largest_reachable_block_below_acreage_min_even_with_crossings
1107188579,Frederick,65.54,largest_reachable_block_below_acreage_min_even_with_crossings
1107189117,Frederick,299.24,mprp_tier_1_intersects_studied_route
1107189419,Frederick,94.33,mprp_tier_1_intersects_studied_route
1107189451,Frederick,87.85,largest_reachable_block_below_acreage_min_even_with_crossings
1107189826,Frederick,49.02,largest_reachable_block_below_acreage_min_even_with_crossings
1107192347,Frederick,40.05,largest_reachable_block_below_acreage_min_even_with_crossings
1107193289,Frederick,214.76,owner_type_government
1107193599,Frederick,111.94,largest_reachable_block_below_acreage_min_even_with_crossings
1107207697,Frederick,57.06,largest_reachable_block_below_acreage_min_even_with_crossings
1107208154,Frederick,83.5,largest_reachable_block_below_acreage_min_even_with_crossings
1107208162,Frederick,690.12,owner_type_government
1107208545,Frederick,597.8,largest_reachable_block_below_acreage_min_even_with_crossings
1107209126,Frederick,113.12,largest_reachable_block_below_acreage_min_even_with_crossings
1107209398,Frederick,61.41,largest_reachable_block_below_acreage_min_even_with_crossings
1107209940,Frederick,132.64,largest_reachable_block_below_acreage_min_even_with_crossings
1107210477,Frederick,64.49,largest_reachable_block_below_acreage_min_even_with_crossings
1107210655,Frederick,149.22,mprp_tier_1_intersects_studied_route
1107213840,Frederick,59.55,largest_reachable_block_below_acreage_min_even_with_crossings
1107213859,Frederick,72.2,largest_reachable_block_below_acreage_min_even_with_crossings
1107214138,Frederick,57.48,largest_reachable_block_below_acreage_min_even_with_crossings
1107194706,Frederick,54.05,largest_reachable_block_below_acreage_min_even_with_crossings
1107195990,Frederick,60.46,largest_reachable_block_below_acreage_min_even_with_crossings
1107196113,Frederick,161.49,mprp_tier_1_intersects_studied_route
1107197594,Frederick,118.14,mprp_tier_1_intersects_studied_route
1107198124,Frederick,48.51,largest_reachable_block_below_acreage_min_even_with_crossings
1107198906,Frederick,287.38,owner_type_government
1107199198,Frederick,56.4,largest_reachable_block_below_acreage_min_even_with_crossings
1107200218,Frederick,115.45,largest_reachable_block_below_acreage_min_even_with_crossings
1107200234,Frederick,61.08,largest_reachable_block_below_acreage_min_even_with_crossings
1107200986,Frederick,107.99,largest_reachable_block_below_acreage_min_even_with_crossings
1107201109,Frederick,49.66,largest_reachable_block_below_acreage_min_even_with_crossings
1107201281,Frederick,44.62,largest_reachable_block_below_acreage_min_even_with_crossings
1107201303,Frederick,159.32,largest_reachable_block_below_acreage_min_even_with_crossings
1107201974,Frederick,151.33,mprp_tier_1_intersects_studied_route
1107203217,Frederick,80.48,largest_reachable_block_below_acreage_min_even_with_crossings
1107214707,Frederick,75.14,largest_reachable_block_below_acreage_min_even_with_crossings
1107214723,Frederick,40.85,largest_reachable_block_below_acreage_min_even_with_crossings
1107214790,Frederick,51.0,largest_reachable_block_below_acreage_min_even_with_crossings
1107216335,Frederick,41.82,largest_reachable_block_below_acreage_min_even_with_crossings
1107216939,Frederick,53.48,largest_reachable_block_below_acreage_min_even_with_crossings
1107218966,Frederick,78.17,largest_reachable_block_below_acreage_min_even_with_crossings
1108212953,Frederick,47.71,largest_reachable_block_below_acreage_min_even_with_crossings
1108212961,Frederick,48.71,largest_reachable_block_below_acreage_min_even_with_crossings
1108213836,Frederick,133.79,mprp_tier_1_intersects_studied_route
1108214026,Frederick,53.57,largest_reachable_block_below_acreage_min_even_with_crossings
1108214107,Frederick,41.66,largest_reachable_block_below_acreage_min_even_with_crossings
1108214190,Frederick,81.36,largest_reachable_block_below_acreage_min_even_with_crossings
1108214549,Frederick,61.72,largest_reachable_block_below_acreage_min_even_with_crossings
1108215189,Frederick,124.62,mprp_tier_1_intersects_studied_route
1108215278,Frederick,143.5,largest_reachable_block_below_acreage_min_even_with_crossings
1108215715,Frederick,136.35,largest_reachable_block_below_acreage_min_even_with_crossings
1108216401,Frederick,137.64,largest_reachable_block_below_acreage_min_even_with_crossings
1108216975,Frederick,49.65,largest_reachable_block_below_acreage_min_even_with_crossings
1108217106,Frederick,79.87,largest_reachable_block_below_acreage_min_even_with_crossings
1108217181,Frederick,126.28,mprp_tier_1_intersects_studied_route
1108217548,Frederick,50.67,largest_reachable_block_below_acreage_min_even_with_crossings
1108217718,Frederick,88.32,largest_reachable_block_below_acreage_min_even_with_crossings
1108217726,Frederick,58.0,largest_reachable_block_below_acreage_min_even_with_crossings
1107206437,Frederick,59.68,mprp_tier_1_intersects_studied_route
1107206445,Frederick,57.42,mprp_tier_1_intersects_studied_route
1107206933,Frederick,118.94,largest_reachable_block_below_acreage_min_even_with_crossings
1107208138,Frederick,251.71,owner_type_government
1107208529,Frederick,54.25,largest_reachable_block_below_acreage_min_even_with_crossings
1107208790,Frederick,72.96,largest_reachable_block_below_acreage_min_even_with_crossings
1107209088,Frederick,252.47,mprp_tier_1_intersects_studied_route
1107210205,Frederick,49.01,largest_reachable_block_below_acreage_min_even_with_crossings
1107210418,Frederick,166.76,mprp_tier_1_intersects_studied_route
1107210590,Frederick,186.86,mprp_tier_1_intersects_studied_route
1107210698,Frederick,125.42,mprp_tier_1_intersects_studied_route
1108219575,Frederick,43.21,largest_reachable_block_below_acreage_min_even_with_crossings
1108221219,Frederick,64.16,largest_reachable_block_below_acreage_min_even_with_crossings
1108221626,Frederick,101.93,owner_type_government
1108222851,Frederick,72.61,mprp_tier_1_intersects_studied_route
1109221840,Frederick,84.69,mprp_tier_1_intersects_studied_route
1109223592,Frederick,279.75,owner_type_government
1107212712,Frederick,75.3,largest_reachable_block_below_acreage_min_even_with_crossings
1107212895,Frederick,152.94,mprp_tier_1_intersects_studied_route
1107212992,Frederick,62.41,largest_reachable_block_below_acreage_min_even_with_crossings
1107213018,Frederick,108.3,mprp_tier_1_intersects_studied_route
1107213549,Frederick,64.42,mprp_tier_1_intersects_studied_route
1107213557,Frederick,56.95,mprp_tier_1_intersects_studied_route
1107213875,Frederick,40.16,largest_reachable_block_below_acreage_min_even_with_crossings
1107213883,Frederick,40.29,largest_reachable_block_below_acreage_min_even_with_crossings
1107213964,Frederick,78.8,largest_reachable_block_below_acreage_min_even_with_crossings
1107214693,Frederick,87.63,largest_reachable_block_below_acreage_min_even_with_crossings
1107214952,Frederick,50.04,mprp_tier_1_intersects_studied_route
1108213038,Frederick,87.62,largest_reachable_block_below_acreage_min_even_with_crossings
1108213763,Frederick,241.19,owner_type_government
1108214212,Frederick,40.64,largest_reachable_block_below_acreage_min_even_with_crossings
1108214972,Frederick,108.74,largest_reachable_block_below_acreage_min_even_with_crossings
1109225099,Frederick,45.27,largest_reachable_block_below_acreage_min_even_with_crossings
1109225366,Frederick,98.56,largest_reachable_block_below_acreage_min_even_with_crossings
1109225684,Frederick,68.87,largest_reachable_block_below_acreage_min_even_with_crossings
1109228071,Frederick,95.1,largest_reachable_block_below_acreage_min_even_with_crossings
1108215073,Frederick,166.47,largest_reachable_block_below_acreage_min_even_with_crossings
1108215162,Frederick,249.51,mprp_tier_1_intersects_studied_route
1108215170,Frederick,186.91,mprp_tier_1_intersects_studied_route
1108216363,Frederick,123.53,largest_reachable_block_below_acreage_min_even_with_crossings
1108216452,Frederick,71.4,largest_reachable_block_below_acreage_min_even_with_crossings
1108217513,Frederick,92.8,mprp_tier_1_intersects_studied_route
1108219664,Frederick,53.37,largest_reachable_block_below_acreage_min_even_with_crossings
1108220689,Frederick,64.02,mprp_tier_1_intersects_studied_route
1108220697,Frederick,173.87,mprp_tier_1_intersects_studied_route
1108220700,Frederick,180.73,mprp_tier_1_intersects_studied_route
1108220778,Frederick,63.82,largest_reachable_block_below_acreage_min_even_with_crossings
1108221154,Frederick,41.68,largest_reachable_block_below_acreage_min_even_with_crossings
1108221162,Frederick,49.95,largest_reachable_block_below_acreage_min_even_with_crossings
1108221243,Frederick,48.32,largest_reachable_block_below_acreage_min_even_with_crossings
1109234624,Frederick,40.42,largest_reachable_block_below_acreage_min_even_with_crossings
1109235949,Frederick,227.69,mprp_tier_1_intersects_studied_route
1109221743,Frederick,135.83,largest_reachable_block_below_acreage_min_even_with_crossings
1109222782,Frederick,44.81,largest_reachable_block_below_acreage_min_even_with_crossings
1109223614,Frederick,199.56,owner_type_government
1109238492,Frederick,62.94,mprp_tier_1_intersects_studied_route
1109238506,Frederick,134.35,mprp_tier_1_intersects_studied_route
1109240012,Frederick,57.31,largest_reachable_block_below_acreage_min_even_with_crossings
1109240098,Frederick,387.76,mprp_tier_1_intersects_studied_route
1109240845,Frederick,67.64,largest_reachable_block_below_acreage_min_even_with_crossings
1109227105,Frederick,71.86,largest_reachable_block_below_acreage_min_even_with_crossings
1109227504,Frederick,42.16,largest_reachable_block_below_acreage_min_even_with_crossings
1109229477,Frederick,57.74,largest_reachable_block_below_acreage_min_even_with_crossings
1109230300,Frederick,186.99,largest_reachable_block_below_acreage_min_even_with_crossings
1109232826,Frederick,46.38,largest_reachable_block_below_acreage_min_even_with_crossings
1109233563,Frederick,134.71,largest_reachable_block_below_acreage_min_even_with_crossings
1109234357,Frederick,72.42,largest_reachable_block_below_acreage_min_even_with_crossings
1109235957,Frederick,187.06,mprp_tier_1_intersects_studied_route
1109237488,Frederick,124.51,mprp_tier_1_intersects_studied_route
1109237895,Frederick,141.83,largest_reachable_block_below_acreage_min_even_with_crossings
1109242252,Frederick,125.02,largest_reachable_block_below_acreage_min_even_with_crossings
1109242546,Frederick,151.51,mprp_tier_1_intersects_studied_route
1109258566,Frederick,72.33,mprp_tier_1_intersects_studied_route
1109263020,Frederick,76.33,largest_reachable_block_below_acreage_min_even_with_crossings
1109265244,Frederick,50.73,largest_reachable_block_below_acreage_min_even_with_crossings
1109246428,Frederick,47.88,largest_reachable_block_below_acreage_min_even_with_crossings
1109246525,Frederick,163.97,largest_reachable_block_below_acreage_min_even_with_crossings
1109253882,Frederick,249.47,largest_reachable_block_below_acreage_min_even_with_crossings
1109253939,Frederick,64.78,largest_reachable_block_below_acreage_min_even_with_crossings
1109255516,Frederick,43.11,largest_reachable_block_below_acreage_min_even_with_crossings
1109260471,Frederick,116.59,largest_reachable_block_below_acreage_min_even_with_crossings
1109260692,Frederick,278.52,mprp_tier_1_intersects_studied_route
1109260870,Frederick,62.59,mprp_tier_1_intersects_studied_route
1109271139,Frederick,87.41,mprp_tier_1_intersects_studied_route
1109268308,Frederick,113.56,mprp_tier_1_intersects_studied_route
1109269533,Frederick,92.81,mprp_tier_1_intersects_studied_route
1109275967,Frederick,116.47,owner_type_government
1109289305,Frederick,55.33,mprp_tier_1_intersects_studied_route
1109291229,Frederick,50.57,largest_reachable_block_below_acreage_min_even_with_crossings
1110264057,Frederick,64.58,largest_reachable_block_below_acreage_min_even_with_crossings
1110264316,Frederick,45.77,largest_reachable_block_below_acreage_min_even_with_crossings
1110264626,Frederick,44.89,largest_reachable_block_below_acreage_min_even_with_crossings
1110264901,Frederick,43.62,largest_reachable_block_below_acreage_min_even_with_crossings
1110265940,Frederick,43.72,largest_reachable_block_below_acreage_min_even_with_crossings
1110266416,Frederick,150.68,largest_reachable_block_below_acreage_min_even_with_crossings
1110266572,Frederick,79.12,largest_reachable_block_below_acreage_min_even_with_crossings
1110266823,Frederick,52.41,largest_reachable_block_below_acreage_min_even_with_crossings
1110266890,Frederick,60.64,largest_reachable_block_below_acreage_min_even_with_crossings
1110268265,Frederick,60.48,largest_reachable_block_below_acreage_min_even_with_crossings
1110268451,Frederick,55.11,largest_reachable_block_below_acreage_min_even_with_crossings
1110268974,Frederick,42.18,largest_reachable_block_below_acreage_min_even_with_crossings
1110268982,Frederick,45.44,largest_reachable_block_below_acreage_min_even_with_crossings
1110269873,Frederick,96.1,largest_reachable_block_below_acreage_min_even_with_crossings
1110270170,Frederick,44.78,largest_reachable_block_below_acreage_min_even_with_crossings
1110270332,Frederick,54.79,largest_reachable_block_below_acreage_min_even_with_crossings
1110271193,Frederick,166.19,largest_reachable_block_below_acreage_min_even_with_crossings
1110271355,Frederick,90.51,largest_reachable_block_below_acreage_min_even_with_crossings
1110271568,Frederick,41.83,largest_reachable_block_below_acreage_min_even_with_crossings
1110271797,Frederick,77.29,largest_reachable_block_below_acreage_min_even_with_crossings
1110271932,Frederick,86.26,largest_reachable_block_below_acreage_min_even_with_crossings
1110271959,Frederick,48.71,largest_reachable_block_below_acreage_min_even_with_crossings
1110272416,Frederick,89.14,largest_reachable_block_below_acreage_min_even_with_crossings
1110272629,Frederick,89.42,largest_reachable_block_below_acreage_min_even_with_crossings
1110272637,Frederick,71.99,largest_reachable_block_below_acreage_min_even_with_crossings
1110273455,Frederick,90.44,largest_reachable_block_below_acreage_min_even_with_crossings
1110274621,Frederick,56.59,largest_reachable_block_below_acreage_min_even_with_crossings
1110274710,Frederick,93.64,largest_reachable_block_below_acreage_min_even_with_crossings
1110275016,Frederick,59.73,largest_reachable_block_below_acreage_min_even_with_crossings
1110275326,Frederick,44.95,largest_reachable_block_below_acreage_min_even_with_crossings
1110275393,Frederick,103.4,largest_reachable_block_below_acreage_min_even_with_crossings
1110277329,Frederick,79.52,largest_reachable_block_below_acreage_min_even_with_crossings
1110277639,Frederick,63.75,largest_reachable_block_below_acreage_min_even_with_crossings
1111277527,Frederick,60.98,largest_reachable_block_below_acreage_min_even_with_crossings
1111277926,Frederick,53.57,largest_reachable_block_below_acreage_min_even_with_crossings
1111278086,Frederick,55.98,largest_reachable_block_below_acreage_min_even_with_crossings
1111279287,Frederick,84.53,largest_reachable_block_below_acreage_min_even_with_crossings
1111279309,Frederick,47.66,largest_reachable_block_below_acreage_min_even_with_crossings
1110264847,Frederick,43.89,largest_reachable_block_below_acreage_min_even_with_crossings
1110264928,Frederick,50.56,largest_reachable_block_below_acreage_min_even_with_crossings
1110265401,Frederick,45.85,largest_reachable_block_below_acreage_min_even_with_crossings
1110265770,Frederick,45.8,largest_reachable_block_below_acreage_min_even_with_crossings
1110265878,Frederick,44.43,largest_reachable_block_below_acreage_min_even_with_crossings
1110265894,Frederick,42.77,largest_reachable_block_below_acreage_min_even_with_crossings
1110266629,Frederick,79.59,largest_reachable_block_below_acreage_min_even_with_crossings
1110266726,Frederick,74.96,largest_reachable_block_below_acreage_min_even_with_crossings
1110266785,Frederick,43.99,largest_reachable_block_below_acreage_min_even_with_crossings
1110267129,Frederick,68.21,largest_reachable_block_below_acreage_min_even_with_crossings
1111279929,Frederick,48.99,largest_reachable_block_below_acreage_min_even_with_crossings
1111280498,Frederick,156.75,largest_reachable_block_below_acreage_min_even_with_crossings
1111282903,Frederick,66.43,largest_reachable_block_below_acreage_min_even_with_crossings
1111283136,Frederick,45.42,largest_reachable_block_below_acreage_min_even_with_crossings
1111283322,Frederick,41.21,largest_reachable_block_below_acreage_min_even_with_crossings
1111285155,Frederick,72.33,largest_reachable_block_below_acreage_min_even_with_crossings
1111286860,Frederick,47.24,largest_reachable_block_below_acreage_min_even_with_crossings
1110267595,Frederick,57.81,largest_reachable_block_below_acreage_min_even_with_crossings
1110268338,Frederick,64.36,largest_reachable_block_below_acreage_min_even_with_crossings
1110268435,Frederick,52.08,largest_reachable_block_below_acreage_min_even_with_crossings
1110268826,Frederick,49.75,largest_reachable_block_below_acreage_min_even_with_crossings
1110268842,Frederick,40.22,largest_reachable_block_below_acreage_min_even_with_crossings
1110269466,Frederick,85.62,largest_reachable_block_below_acreage_min_even_with_crossings
1110269776,Frederick,60.03,largest_reachable_block_below_acreage_min_even_with_crossings
1110270022,Frederick,69.89,largest_reachable_block_below_acreage_min_even_with_crossings
1110270146,Frederick,75.98,largest_reachable_block_below_acreage_min_even_with_crossings
1110270863,Frederick,50.88,largest_reachable_block_below_acreage_min_even_with_crossings
1110271045,Frederick,43.89,largest_reachable_block_below_acreage_min_even_with_crossings
1110271126,Frederick,124.4,largest_reachable_block_below_acreage_min_even_with_crossings
1110271169,Frederick,101.49,largest_reachable_block_below_acreage_min_even_with_crossings
1110271614,Frederick,50.5,largest_reachable_block_below_acreage_min_even_with_crossings
1110272858,Frederick,43.67,largest_reachable_block_below_acreage_min_even_with_crossings
1110273358,Frederick,58.88,largest_reachable_block_below_acreage_min_even_with_crossings
1110273420,Frederick,54.87,largest_reachable_block_below_acreage_min_even_with_crossings
1110274486,Frederick,50.5,largest_reachable_block_below_acreage_min_even_with_crossings
1110274796,Frederick,76.95,largest_reachable_block_below_acreage_min_even_with_crossings
1110275814,Frederick,54.64,largest_reachable_block_below_acreage_min_even_with_crossings
1110277167,Frederick,45.34,largest_reachable_block_below_acreage_min_even_with_crossings
1111278159,Frederick,63.51,largest_reachable_block_below_acreage_min_even_with_crossings
1111279244,Frederick,66.4,largest_reachable_block_below_acreage_min_even_with_crossings
1111287891,Frederick,85.03,largest_reachable_block_below_acreage_min_even_with_crossings
1111289290,Frederick,42.79,largest_reachable_block_below_acreage_min_even_with_crossings
1112286988,Frederick,45.4,largest_reachable_block_below_acreage_min_even_with_crossings
1112288336,Frederick,61.19,largest_reachable_block_below_acreage_min_even_with_crossings
1112288824,Frederick,182.85,largest_reachable_block_below_acreage_min_even_with_crossings
1112289170,Frederick,214.02,owner_type_government
1112289251,Frederick,40.45,largest_reachable_block_below_acreage_min_even_with_crossings
1112289367,Frederick,46.53,largest_reachable_block_below_acreage_min_even_with_crossings
1112290829,Frederick,68.08,largest_reachable_block_below_acreage_min_even_with_crossings
1112293321,Frederick,42.44,largest_reachable_block_below_acreage_min_even_with_crossings
1112293690,Frederick,253.82,largest_reachable_block_below_acreage_min_even_with_crossings
1112293712,Frederick,121.88,largest_reachable_block_below_acreage_min_even_with_crossings
1112294689,Frederick,69.08,largest_reachable_block_below_acreage_min_even_with_crossings
1111279511,Frederick,105.06,largest_reachable_block_below_acreage_min_even_with_crossings
1111283047,Frederick,43.94,largest_reachable_block_below_acreage_min_even_with_crossings
1113296758,Frederick,50.77,largest_reachable_block_below_acreage_min_even_with_crossings
1113296847,Frederick,83.17,largest_reachable_block_below_acreage_min_even_with_crossings
1113297525,Frederick,42.26,largest_reachable_block_below_acreage_min_even_with_crossings
1113298335,Frederick,57.16,largest_reachable_block_below_acreage_min_even_with_crossings
1111285139,Frederick,60.84,largest_reachable_block_below_acreage_min_even_with_crossings
1111285953,Frederick,111.22,largest_reachable_block_below_acreage_min_even_with_crossings
1111286615,Frederick,81.49,largest_reachable_block_below_acreage_min_even_with_crossings
1111287328,Frederick,41.75,largest_reachable_block_below_acreage_min_even_with_crossings
1113300097,Frederick,78.34,largest_reachable_block_below_acreage_min_even_with_crossings
1113300526,Frederick,119.78,largest_reachable_block_below_acreage_min_even_with_crossings
1113301107,Frederick,60.52,largest_reachable_block_below_acreage_min_even_with_crossings
1113303541,Frederick,78.84,largest_reachable_block_below_acreage_min_even_with_crossings
1113304114,Frederick,54.9,largest_reachable_block_below_acreage_min_even_with_crossings
1113304203,Frederick,51.01,largest_reachable_block_below_acreage_min_even_with_crossings
1113306303,Frederick,45.02,largest_reachable_block_below_acreage_min_even_with_crossings
1114306080,Frederick,115.25,largest_reachable_block_below_acreage_min_even_with_crossings
1114307338,Frederick,80.94,largest_reachable_block_below_acreage_min_even_with_crossings
1114307613,Frederick,42.59,largest_reachable_block_below_acreage_min_even_with_crossings
1114307990,Frederick,64.62,largest_reachable_block_below_acreage_min_even_with_crossings
1112287623,Frederick,126.12,largest_reachable_block_below_acreage_min_even_with_crossings
1112288484,Frederick,68.05,largest_reachable_block_below_acreage_min_even_with_crossings
1112288794,Frederick,223.61,largest_reachable_block_below_acreage_min_even_with_crossings
1112289219,Frederick,51.58,largest_reachable_block_below_acreage_min_even_with_crossings
1112289324,Frederick,126.62,largest_reachable_block_below_acreage_min_even_with_crossings
1112289820,Frederick,50.23,largest_reachable_block_below_acreage_min_even_with_crossings
1113295972,Frederick,50.38,largest_reachable_block_below_acreage_min_even_with_crossings
1113296073,Frederick,55.51,largest_reachable_block_below_acreage_min_even_with_crossings
1113296162,Frederick,76.62,largest_reachable_block_below_acreage_min_even_with_crossings
1113296235,Frederick,47.03,largest_reachable_block_below_acreage_min_even_with_crossings
1113297002,Frederick,81.03,largest_reachable_block_below_acreage_min_even_with_crossings
1113297053,Frederick,145.34,largest_reachable_block_below_acreage_min_even_with_crossings
1113297460,Frederick,158.07,largest_reachable_block_below_acreage_min_even_with_crossings
1113297835,Frederick,154.19,largest_reachable_block_below_acreage_min_even_with_crossings
1113297843,Frederick,91.85,largest_reachable_block_below_acreage_min_even_with_crossings
1113300917,Frederick,95.57,largest_reachable_block_below_acreage_min_even_with_crossings
1113301328,Frederick,41.49,largest_reachable_block_below_acreage_min_even_with_crossings
1113301425,Frederick,120.99,largest_reachable_block_below_acreage_min_even_with_crossings
1113301697,Frederick,44.88,largest_reachable_block_below_acreage_min_even_with_crossings
1113302928,Frederick,55.37,largest_reachable_block_below_acreage_min_even_with_crossings
1114309144,Frederick,50.96,largest_reachable_block_below_acreage_min_even_with_crossings
1114310061,Frederick,60.5,largest_reachable_block_below_acreage_min_even_with_crossings
1114310169,Frederick,76.88,largest_reachable_block_below_acreage_min_even_with_crossings
1114310576,Frederick,69.75,largest_reachable_block_below_acreage_min_even_with_crossings
1113303991,Frederick,45.26,largest_reachable_block_below_acreage_min_even_with_crossings
1113306605,Frederick,84.16,largest_reachable_block_below_acreage_min_even_with_crossings
1114313494,Frederick,48.73,largest_reachable_block_below_acreage_min_even_with_crossings
1114313702,Frederick,59.49,largest_reachable_block_below_acreage_min_even_with_crossings
1114314474,Frederick,42.68,largest_reachable_block_below_acreage_min_even_with_crossings
1114315683,Frederick,98.72,largest_reachable_block_below_acreage_min_even_with_crossings
1114315896,Frederick,140.6,largest_reachable_block_below_acreage_min_even_with_crossings
1114316272,Frederick,52.94,largest_reachable_block_below_acreage_min_even_with_crossings
1114316817,Frederick,84.19,largest_reachable_block_below_acreage_min_even_with_crossings
1114317023,Frederick,126.91,largest_reachable_block_below_acreage_min_even_with_crossings
1114310509,Frederick,287.51,largest_reachable_block_below_acreage_min_even_with_crossings
1114312196,Frederick,219.12,largest_reachable_block_below_acreage_min_even_with_crossings
1114312390,Frederick,52.11,largest_reachable_block_below_acreage_min_even_with_crossings
1114313109,Frederick,48.39,largest_reachable_block_below_acreage_min_even_with_crossings
1114313265,Frederick,60.49,largest_reachable_block_below_acreage_min_even_with_crossings
1114313370,Frederick,57.0,largest_reachable_block_below_acreage_min_even_with_crossings
1114314024,Frederick,158.46,largest_reachable_block_below_acreage_min_even_with_crossings
1114314601,Frederick,69.53,largest_reachable_block_below_acreage_min_even_with_crossings
1114315047,Frederick,52.44,largest_reachable_block_below_acreage_min_even_with_crossings
1114325298,Frederick,46.72,largest_reachable_block_below_acreage_min_even_with_crossings
1114315454,Frederick,102.17,largest_reachable_block_below_acreage_min_even_with_crossings
1114316728,Frederick,89.65,largest_reachable_block_below_acreage_min_even_with_crossings
1115318511,Frederick,122.7,largest_reachable_block_below_acreage_min_even_with_crossings
1115320796,Frederick,61.69,largest_reachable_block_below_acreage_min_even_with_crossings
1115321687,Frederick,80.74,largest_reachable_block_below_acreage_min_even_with_crossings
1115322063,Frederick,42.22,largest_reachable_block_below_acreage_min_even_with_crossings
1115325453,Frederick,46.25,largest_reachable_block_below_acreage_min_even_with_crossings
1114319654,Frederick,53.52,largest_reachable_block_below_acreage_min_even_with_crossings
1114321187,Frederick,42.36,largest_reachable_block_below_acreage_min_even_with_crossings
1115331224,Frederick,663.47,owner_type_government
1115331399,Frederick,52.16,largest_reachable_block_below_acreage_min_even_with_crossings
1115334800,Frederick,48.94,largest_reachable_block_below_acreage_min_even_with_crossings
1115318287,Frederick,50.29,largest_reachable_block_below_acreage_min_even_with_crossings
1115318457,Frederick,94.81,largest_reachable_block_below_acreage_min_even_with_crossings
1115320486,Frederick,47.49,largest_reachable_block_below_acreage_min_even_with_crossings
1115320664,Frederick,40.35,largest_reachable_block_below_acreage_min_even_with_crossings
1115321598,Frederick,43.53,largest_reachable_block_below_acreage_min_even_with_crossings
1115321725,Frederick,426.62,owner_type_government
1115322217,Frederick,64.37,largest_reachable_block_below_acreage_min_even_with_crossings
1115322225,Frederick,109.61,largest_reachable_block_below_acreage_min_even_with_crossings
1115322853,Frederick,125.96,largest_reachable_block_below_acreage_min_even_with_crossings
1115327529,Frederick,116.46,largest_reachable_block_below_acreage_min_even_with_crossings
1115328118,Frederick,69.79,largest_reachable_block_below_acreage_min_even_with_crossings
1115336501,Frederick,169.46,largest_reachable_block_below_acreage_min_even_with_crossings
1115337648,Frederick,41.38,largest_reachable_block_below_acreage_min_even_with_crossings
1115338768,Frederick,45.64,largest_reachable_block_below_acreage_min_even_with_crossings
1115339543,Frederick,58.72,largest_reachable_block_below_acreage_min_even_with_crossings
1115339845,Frederick,70.61,largest_reachable_block_below_acreage_min_even_with_crossings
1115339853,Frederick,113.5,largest_reachable_block_below_acreage_min_even_with_crossings
1115331992,Frederick,100.4,largest_reachable_block_below_acreage_min_even_with_crossings
1115332751,Frederick,168.71,largest_reachable_block_below_acreage_min_even_with_crossings
1115334029,Frederick,49.73,largest_reachable_block_below_acreage_min_even_with_crossings
1115343184,Frederick,225.73,largest_reachable_block_below_acreage_min_even_with_crossings
1115336439,Frederick,46.61,largest_reachable_block_below_acreage_min_even_with_crossings
1115339608,Frederick,40.22,largest_reachable_block_below_acreage_min_even_with_crossings
1115339977,Frederick,53.27,largest_reachable_block_below_acreage_min_even_with_crossings
1115341556,Frederick,69.7,largest_reachable_block_below_acreage_min_even_with_crossings
1115348178,Frederick,46.95,largest_reachable_block_below_acreage_min_even_with_crossings
1115348267,Frederick,53.43,largest_reachable_block_below_acreage_min_even_with_crossings
1115345047,Frederick,40.26,largest_reachable_block_below_acreage_min_even_with_crossings
1115345829,Frederick,75.39,largest_reachable_block_below_acreage_min_even_with_crossings
1115347678,Frederick,56.06,largest_reachable_block_below_acreage_min_even_with_crossings
1115348151,Frederick,54.28,largest_reachable_block_below_acreage_min_even_with_crossings
1115348240,Frederick,47.73,largest_reachable_block_below_acreage_min_even_with_crossings
1116345024,Frederick,55.94,largest_reachable_block_below_acreage_min_even_with_crossings
1116345393,Frederick,61.73,largest_reachable_block_below_acreage_min_even_with_crossings
1116346209,Frederick,48.36,largest_reachable_block_below_acreage_min_even_with_crossings
1116345474,Frederick,86.87,largest_reachable_block_below_acreage_min_even_with_crossings
1116345571,Frederick,83.31,largest_reachable_block_below_acreage_min_even_with_crossings
1116346179,Frederick,84.57,largest_reachable_block_below_acreage_min_even_with_crossings
1116346535,Frederick,63.41,largest_reachable_block_below_acreage_min_even_with_crossings
1116347515,Frederick,40.63,largest_reachable_block_below_acreage_min_even_with_crossings
1116348627,Frederick,42.12,largest_reachable_block_below_acreage_min_even_with_crossings
1116348880,Frederick,44.72,largest_reachable_block_below_acreage_min_even_with_crossings
1116349194,Frederick,41.85,largest_reachable_block_below_acreage_min_even_with_crossings
1116350044,Frederick,171.66,largest_reachable_block_below_acreage_min_even_with_crossings
1116350176,Frederick,53.51,largest_reachable_block_below_acreage_min_even_with_crossings
1116350710,Frederick,72.33,largest_reachable_block_below_acreage_min_even_with_crossings
1116352438,Frederick,46.31,largest_reachable_block_below_acreage_min_even_with_crossings
1116352543,Frederick,101.24,largest_reachable_block_below_acreage_min_even_with_crossings
1116352551,Frederick,53.77,largest_reachable_block_below_acreage_min_even_with_crossings
1116353574,Frederick,101.98,largest_reachable_block_below_acreage_min_even_with_crossings
1116353698,Frederick,91.89,largest_reachable_block_below_acreage_min_even_with_crossings
1116354856,Frederick,66.33,largest_reachable_block_below_acreage_min_even_with_crossings
1116356239,Frederick,60.19,largest_reachable_block_below_acreage_min_even_with_crossings
1116346748,Frederick,71.88,largest_reachable_block_below_acreage_min_even_with_crossings
1116346918,Frederick,45.63,largest_reachable_block_below_acreage_min_even_with_crossings
1116347299,Frederick,162.0,largest_reachable_block_below_acreage_min_even_with_crossings
1116348651,Frederick,49.93,largest_reachable_block_below_acreage_min_even_with_crossings
1116349348,Frederick,57.09,largest_reachable_block_below_acreage_min_even_with_crossings
1116349445,Frederick,46.04,largest_reachable_block_below_acreage_min_even_with_crossings
1116349895,Frederick,92.4,largest_reachable_block_below_acreage_min_even_with_crossings
1116351547,Frederick,84.51,largest_reachable_block_below_acreage_min_even_with_crossings
1116351911,Frederick,95.71,largest_reachable_block_below_acreage_min_even_with_crossings
1116358592,Frederick,47.48,largest_reachable_block_below_acreage_min_even_with_crossings
1116362948,Frederick,44.79,largest_reachable_block_below_acreage_min_even_with_crossings
1116362956,Frederick,41.12,largest_reachable_block_below_acreage_min_even_with_crossings
1117357654,Frederick,117.54,largest_reachable_block_below_acreage_min_even_with_crossings
1117358782,Frederick,41.28,largest_reachable_block_below_acreage_min_even_with_crossings
1117359088,Frederick,81.56,largest_reachable_block_below_acreage_min_even_with_crossings
1117359185,Frederick,48.24,largest_reachable_block_below_acreage_min_even_with_crossings
1117360159,Frederick,70.84,largest_reachable_block_below_acreage_min_even_with_crossings
1117360787,Frederick,73.97,largest_reachable_block_below_acreage_min_even_with_crossings
1117361546,Frederick,47.3,largest_reachable_block_below_acreage_min_even_with_crossings
1116356697,Frederick,82.15,largest_reachable_block_below_acreage_min_even_with_crossings
1116357111,Frederick,56.92,largest_reachable_block_below_acreage_min_even_with_crossings
1116357219,Frederick,111.16,largest_reachable_block_below_acreage_min_even_with_crossings
1116357529,Frederick,41.49,largest_reachable_block_below_acreage_min_even_with_crossings
1116363103,Frederick,58.97,largest_reachable_block_below_acreage_min_even_with_crossings
1117357425,Frederick,106.78,mprp_tier_1_intersects_studied_route
1117362704,Frederick,43.01,mprp_tier_1_intersects_studied_route
1117362771,Frederick,75.57,largest_reachable_block_below_acreage_min_even_with_crossings
1117362895,Frederick,91.53,mprp_tier_1_intersects_studied_route
1117362976,Frederick,103.27,largest_reachable_block_below_acreage_min_even_with_crossings
1117363077,Frederick,144.11,mprp_tier_1_intersects_studied_route
1117363514,Frederick,192.42,mprp_tier_1_intersects_studied_route
1117363522,Frederick,139.17,mprp_tier_1_intersects_studied_route
1117363700,Frederick,50.09,largest_reachable_block_below_acreage_min_even_with_crossings
1117363972,Frederick,49.1,largest_reachable_block_below_acreage_min_even_with_crossings
1117364103,Frederick,167.59,mprp_tier_1_intersects_studied_route
1117364162,Frederick,55.05,largest_reachable_block_below_acreage_min_even_with_crossings
1117364251,Frederick,49.23,largest_reachable_block_below_acreage_min_even_with_crossings
1117364367,Frederick,41.56,largest_reachable_block_below_acreage_min_even_with_crossings
1117364375,Frederick,49.56,largest_reachable_block_below_acreage_min_even_with_crossings
1117365002,Frederick,224.64,mprp_tier_1_intersects_studied_route
1117366009,Frederick,72.89,largest_reachable_block_below_acreage_min_even_with_crossings
1117366092,Frederick,47.05,largest_reachable_block_below_acreage_min_even_with_crossings
1117366106,Frederick,43.66,largest_reachable_block_below_acreage_min_even_with_crossings
1117366300,Frederick,60.53,largest_reachable_block_below_acreage_min_even_with_crossings
1117366645,Frederick,125.9,largest_reachable_block_below_acreage_min_even_with_crossings
1117366858,Frederick,44.17,mprp_tier_1_intersects_studied_route
1118359499,Frederick,48.07,largest_reachable_block_below_acreage_min_even_with_crossings
1117357816,Frederick,45.62,largest_reachable_block_below_acreage_min_even_with_crossings
1117358553,Frederick,53.56,largest_reachable_block_below_acreage_min_even_with_crossings
1117358634,Frederick,90.08,largest_reachable_block_below_acreage_min_even_with_crossings
1117358642,Frederick,52.96,largest_reachable_block_below_acreage_min_even_with_crossings
1117359312,Frederick,40.37,largest_reachable_block_below_acreage_min_even_with_crossings
1117360442,Frederick,49.68,largest_reachable_block_below_acreage_min_even_with_crossings
1117360647,Frederick,127.36,mprp_tier_1_intersects_studied_route
1117361619,Frederick,45.27,largest_reachable_block_below_acreage_min_even_with_crossings
1117361678,Frederick,150.25,mprp_tier_1_intersects_studied_route
1117361694,Frederick,100.79,largest_reachable_block_below_acreage_min_even_with_crossings
1117362534,Frederick,222.5,mprp_tier_1_intersects_studied_route
1117363948,Frederick,98.61,mprp_tier_1_intersects_studied_route
1117364448,Frederick,85.43,largest_reachable_block_below_acreage_min_even_with_crossings
1118365839,Frederick,54.64,mprp_tier_1_intersects_studied_route
1118366428,Frederick,47.14,mprp_tier_1_intersects_studied_route
1117374966,Frederick,66.22,largest_reachable_block_below_acreage_min_even_with_crossings
1118371723,Frederick,101.59,largest_reachable_block_below_acreage_min_even_with_crossings
1118371936,Frederick,257.85,mprp_tier_1_intersects_studied_route
1118372029,Frederick,42.2,mprp_tier_1_intersects_studied_route
1118372983,Frederick,122.31,mprp_tier_1_intersects_studied_route
1118373742,Frederick,77.23,mprp_tier_1_intersects_studied_route
1118375966,Frederick,42.85,mprp_tier_1_intersects_studied_route
1118365200,Frederick,103.96,mprp_tier_1_intersects_studied_route
1118366053,Frederick,233.3,mprp_tier_1_intersects_studied_route
1118366436,Frederick,65.76,largest_reachable_block_below_acreage_min_even_with_crossings
1118366452,Frederick,59.77,largest_reachable_block_below_acreage_min_even_with_crossings
1118366460,Frederick,52.18,largest_reachable_block_below_acreage_min_even_with_crossings
1118366606,Frederick,103.94,largest_reachable_block_below_acreage_min_even_with_crossings
1118367254,Frederick,71.38,largest_reachable_block_below_acreage_min_even_with_crossings
1118367491,Frederick,44.57,largest_reachable_block_below_acreage_min_even_with_crossings
1118367661,Frederick,53.75,largest_reachable_block_below_acreage_min_even_with_crossings
1118379120,Frederick,58.13,largest_reachable_block_below_acreage_min_even_with_crossings
1118379279,Frederick,51.61,largest_reachable_block_below_acreage_min_even_with_crossings
1118379635,Frederick,40.72,mprp_tier_1_intersects_studied_route
1118380331,Frederick,82.61,mprp_tier_1_intersects_studied_route
1118380765,Frederick,54.99,largest_reachable_block_below_acreage_min_even_with_crossings
1118380803,Frederick,59.44,largest_reachable_block_below_acreage_min_even_with_crossings
1118368463,Frederick,99.67,largest_reachable_block_below_acreage_min_even_with_crossings
1118368544,Frederick,101.97,mprp_tier_1_intersects_studied_route
1118382571,Frederick,108.15,largest_reachable_block_below_acreage_min_even_with_crossings
1118372827,Frederick,95.39,largest_reachable_block_below_acreage_min_even_with_crossings
1118377519,Frederick,158.6,mprp_tier_1_intersects_studied_route
1119385299,Frederick,43.7,largest_reachable_block_below_acreage_min_even_with_crossings
1119385418,Frederick,110.15,mprp_tier_1_intersects_studied_route
1119385566,Frederick,148.78,mprp_tier_1_intersects_studied_route
1119385671,Frederick,155.28,mprp_tier_1_intersects_studied_route
1119385884,Frederick,68.01,largest_reachable_block_below_acreage_min_even_with_crossings
1119385957,Frederick,45.7,largest_reachable_block_below_acreage_min_even_with_crossings
1118380757,Frederick,46.52,mprp_tier_1_intersects_studied_route
1118382288,Frederick,40.77,largest_reachable_block_below_acreage_min_even_with_crossings
1118382636,Frederick,77.58,largest_reachable_block_below_acreage_min_even_with_crossings
1118385287,Frederick,41.91,largest_reachable_block_below_acreage_min_even_with_crossings
1119387054,Frederick,97.61,mprp_tier_1_intersects_studied_route
1119387062,Frederick,63.83,mprp_tier_1_intersects_studied_route
1119387135,Frederick,257.41,mprp_tier_1_intersects_studied_route
1119387542,Frederick,131.19,mprp_tier_1_intersects_studied_route
1119387933,Frederick,107.94,mprp_tier_1_intersects_studied_route
1119388026,Frederick,178.52,mprp_tier_1_intersects_studied_route
1119388891,Frederick,53.75,largest_reachable_block_below_acreage_min_even_with_crossings
1119389219,Frederick,50.22,largest_reachable_block_below_acreage_min_even_with_crossings
1119389294,Frederick,76.21,largest_reachable_block_below_acreage_min_even_with_crossings
1119389677,Frederick,50.19,largest_reachable_block_below_acreage_min_even_with_crossings
1119389995,Frederick,80.93,largest_reachable_block_below_acreage_min_even_with_crossings
1119390888,Frederick,182.2,mprp_tier_1_intersects_studied_route
1119391337,Frederick,168.91,mprp_tier_1_intersects_studied_route
1119392953,Frederick,42.51,largest_reachable_block_below_acreage_min_even_with_crossings
1119392996,Frederick,67.2,largest_reachable_block_below_acreage_min_even_with_crossings
1118385686,Frederick,49.74,mprp_tier_1_intersects_studied_route
1118395134,Frederick,45.46,largest_reachable_block_below_acreage_min_even_with_crossings
1120394374,Frederick,55.04,largest_reachable_block_below_acreage_min_even_with_crossings
1120396520,Frederick,48.95,largest_reachable_block_below_acreage_min_even_with_crossings
1120397411,Frederick,42.89,largest_reachable_block_below_acreage_min_even_with_crossings
1120397969,Frederick,107.49,largest_reachable_block_below_acreage_min_even_with_crossings
1119385264,Frederick,123.29,mprp_tier_1_intersects_studied_route
1119385329,Frederick,115.32,largest_reachable_block_below_acreage_min_even_with_crossings
1119385337,Frederick,48.27,mprp_tier_1_intersects_studied_route
1119385515,Frederick,87.05,mprp_tier_1_intersects_studied_route
1119386392,Frederick,130.62,mprp_tier_1_intersects_studied_route
1119387003,Frederick,188.65,mprp_tier_1_intersects_studied_route
1119387011,Frederick,70.05,largest_reachable_block_below_acreage_min_even_with_crossings
1119387046,Frederick,42.82,mprp_tier_1_intersects_studied_route
1119387364,Frederick,110.13,largest_reachable_block_below_acreage_min_even_with_crossings
1119387755,Frederick,68.83,mprp_tier_1_intersects_studied_route
1119388530,Frederick,77.88,largest_reachable_block_below_acreage_min_even_with_crossings
1120398221,Frederick,75.62,largest_reachable_block_below_acreage_min_even_with_crossings
1120401036,Frederick,44.79,largest_reachable_block_below_acreage_min_even_with_crossings
1120403047,Frederick,246.83,owner_type_government
1119389138,Frederick,90.77,largest_reachable_block_below_acreage_min_even_with_crossings
1119389723,Frederick,93.98,mprp_tier_1_intersects_studied_route
1119389987,Frederick,49.6,largest_reachable_block_below_acreage_min_even_with_crossings
1119390179,Frederick,171.06,mprp_tier_1_intersects_studied_route
1119392139,Frederick,154.45,mprp_tier_1_intersects_studied_route
1121409618,Frederick,55.15,largest_reachable_block_below_acreage_min_even_with_crossings
1119392945,Frederick,50.26,largest_reachable_block_below_acreage_min_even_with_crossings
1120391979,Frederick,45.08,largest_reachable_block_below_acreage_min_even_with_crossings
1120392835,Frederick,40.45,largest_reachable_block_below_acreage_min_even_with_crossings
1120392991,Frederick,41.75,largest_reachable_block_below_acreage_min_even_with_crossings
1120393270,Frederick,2559.52,owner_type_government
1120393351,Frederick,66.99,largest_reachable_block_below_acreage_min_even_with_crossings
1120394390,Frederick,47.85,largest_reachable_block_below_acreage_min_even_with_crossings
1120395567,Frederick,46.62,largest_reachable_block_below_acreage_min_even_with_crossings
1120396261,Frederick,44.25,largest_reachable_block_below_acreage_min_even_with_crossings
1120396857,Frederick,62.24,largest_reachable_block_below_acreage_min_even_with_crossings
1120396865,Frederick,71.05,largest_reachable_block_below_acreage_min_even_with_crossings
1120398949,Frederick,54.88,largest_reachable_block_below_acreage_min_even_with_crossings
1120400196,Frederick,60.42,largest_reachable_block_below_acreage_min_even_with_crossings
1120400358,Frederick,43.91,largest_reachable_block_below_acreage_min_even_with_crossings
1120400986,Frederick,57.59,largest_reachable_block_below_acreage_min_even_with_crossings
1120401699,Frederick,44.4,largest_reachable_block_below_acreage_min_even_with_crossings
1120401702,Frederick,66.25,largest_reachable_block_below_acreage_min_even_with_crossings
1121418021,Frederick,120.64,largest_reachable_block_below_acreage_min_even_with_crossings
1120405228,Frederick,44.57,largest_reachable_block_below_acreage_min_even_with_crossings
1120407069,Frederick,61.13,largest_reachable_block_below_acreage_min_even_with_crossings
1120407352,Frederick,49.99,largest_reachable_block_below_acreage_min_even_with_crossings
1121408840,Frederick,110.85,largest_reachable_block_below_acreage_min_even_with_crossings
1121425095,Frederick,54.06,largest_reachable_block_below_acreage_min_even_with_crossings
1121410489,Frederick,107.24,largest_reachable_block_below_acreage_min_even_with_crossings
1121413194,Frederick,48.44,largest_reachable_block_below_acreage_min_even_with_crossings
1121414700,Frederick,45.79,largest_reachable_block_below_acreage_min_even_with_crossings
1121419249,Frederick,50.41,largest_reachable_block_below_acreage_min_even_with_crossings
1121421065,Frederick,41.83,largest_reachable_block_below_acreage_min_even_with_crossings
1121422932,Frederick,1091.86,owner_type_government
1122429930,Frederick,40.25,largest_reachable_block_below_acreage_min_even_with_crossings
1122429965,Frederick,102.07,largest_reachable_block_below_acreage_min_even_with_crossings
1122430998,Frederick,68.05,largest_reachable_block_below_acreage_min_even_with_crossings
1122431099,Frederick,99.33,largest_reachable_block_below_acreage_min_even_with_crossings
1122431811,Frederick,46.35,largest_reachable_block_below_acreage_min_even_with_crossings
1122432583,Frederick,46.87,largest_reachable_block_below_acreage_min_even_with_crossings
1122433385,Frederick,44.1,largest_reachable_block_below_acreage_min_even_with_crossings
1122434063,Frederick,67.86,largest_reachable_block_below_acreage_min_even_with_crossings
1122434713,Frederick,120.55,largest_reachable_block_below_acreage_min_even_with_crossings
1122435396,Frederick,45.68,largest_reachable_block_below_acreage_min_even_with_crossings
1122436848,Frederick,56.0,largest_reachable_block_below_acreage_min_even_with_crossings
1123436922,Frederick,92.43,largest_reachable_block_below_acreage_min_even_with_crossings
1123437376,Frederick,64.17,largest_reachable_block_below_acreage_min_even_with_crossings
1123442701,Frederick,40.28,largest_reachable_block_below_acreage_min_even_with_crossings
1121432717,Frederick,294.4,owner_type_government
1122428411,Frederick,64.51,largest_reachable_block_below_acreage_min_even_with_crossings
1122428438,Frederick,40.0,largest_reachable_block_below_acreage_min_even_with_crossings
1122428756,Frederick,136.88,largest_reachable_block_below_acreage_min_even_with_crossings
1122431978,Frederick,49.83,largest_reachable_block_below_acreage_min_even_with_crossings
1122432257,Frederick,80.55,largest_reachable_block_below_acreage_min_even_with_crossings
1122434586,Frederick,40.04,largest_reachable_block_below_acreage_min_even_with_crossings
1122434608,Frederick,213.33,largest_reachable_block_below_acreage_min_even_with_crossings
1122435302,Frederick,96.54,largest_reachable_block_below_acreage_min_even_with_crossings
1123439719,Frederick,43.59,largest_reachable_block_below_acreage_min_even_with_crossings
1123441543,Frederick,46.96,largest_reachable_block_below_acreage_min_even_with_crossings
1123442396,Frederick,55.71,largest_reachable_block_below_acreage_min_even_with_crossings
1123443457,Frederick,128.51,owner_type_government
1124449513,Frederick,125.84,largest_reachable_block_below_acreage_min_even_with_crossings
1124444988,Frederick,46.2,largest_reachable_block_below_acreage_min_even_with_crossings
1124452298,Frederick,41.15,largest_reachable_block_below_acreage_min_even_with_crossings
1124457664,Frederick,45.87,largest_reachable_block_below_acreage_min_even_with_crossings
1126440963,Frederick,40.28,largest_reachable_block_below_acreage_min_even_with_crossings
1126490588,Frederick,57.94,largest_reachable_block_below_acreage_min_even_with_crossings
1126496993,Frederick,68.48,largest_reachable_block_below_acreage_min_even_with_crossings
1126503280,Frederick,155.66,largest_reachable_block_below_acreage_min_even_with_crossings
1126503299,Frederick,112.21,largest_reachable_block_below_acreage_min_even_with_crossings
1126504597,Frederick,80.11,largest_reachable_block_below_acreage_min_even_with_crossings
1126504694,Frederick,42.42,largest_reachable_block_below_acreage_min_even_with_crossings
1126507278,Frederick,46.93,largest_reachable_block_below_acreage_min_even_with_crossings
1126501849,Frederick,200.06,owner_type_government
1126505313,Frederick,45.65,largest_reachable_block_below_acreage_min_even_with_crossings
1126507243,Frederick,51.05,largest_reachable_block_below_acreage_min_even_with_crossings
1128540183,Frederick,53.51,largest_reachable_block_below_acreage_min_even_with_crossings
1128544529,Frederick,71.33,largest_reachable_block_below_acreage_min_even_with_crossings
1128543956,Frederick,131.33,largest_reachable_block_below_acreage_min_even_with_crossings
1128544626,Frederick,205.03,owner_type_government
2208016011,Frederick,55.04,largest_reachable_block_below_acreage_min_even_with_crossings
1101032054,Frederick,65.88,mprp_tier_1_intersects_studied_route
1102218429,Frederick,126.41,owner_type_government
1104158059,Frederick,41.94,largest_reachable_block_below_acreage_min_even_with_crossings
1106191371,Frederick,66.25,largest_reachable_block_below_acreage_min_even_with_crossings
1108223521,Frederick,55.12,largest_reachable_block_below_acreage_min_even_with_crossings
1109307036,Frederick,189.54,mprp_tier_1_intersects_studied_route
1110277949,Frederick,85.78,largest_reachable_block_below_acreage_min_even_with_crossings
1114326553,Frederick,52.89,largest_reachable_block_below_acreage_min_even_with_crossings
1114326626,Frederick,56.06,largest_reachable_block_below_acreage_min_even_with_crossings
1115358815,Frederick,42.25,largest_reachable_block_below_acreage_min_even_with_crossings
1118398389,Frederick,55.1,largest_reachable_block_below_acreage_min_even_with_crossings
1120408588,Frederick,40.57,largest_reachable_block_below_acreage_min_even_with_crossings
1119393291,Frederick,60.88,largest_reachable_block_below_acreage_min_even_with_crossings
1120408545,Frederick,92.0,owner_type_government
1101032682,Frederick,50.75,largest_reachable_block_below_acreage_min_even_with_crossings
1105183030,Frederick,48.05,largest_reachable_block_below_acreage_min_even_with_crossings
1107220626,Frederick,50.7,largest_reachable_block_below_acreage_min_even_with_crossings
1107220693,Frederick,47.19,largest_reachable_block_below_acreage_min_even_with_crossings
1107225024,Frederick,54.84,largest_reachable_block_below_acreage_min_even_with_crossings
1108223890,Frederick,44.0,largest_reachable_block_below_acreage_min_even_with_crossings
1109307494,Frederick,119.71,mprp_tier_1_intersects_studied_route
1109311335,Frederick,131.32,mprp_tier_1_intersects_studied_route
1112297866,Frederick,99.5,largest_reachable_block_below_acreage_min_even_with_crossings
1116365599,Frederick,42.5,largest_reachable_block_below_acreage_min_even_with_crossings
1101036688,Frederick,241.89,mprp_tier_1_intersects_studied_route
1101036726,Frederick,40.18,largest_reachable_block_below_acreage_min_even_with_crossings
1101036734,Frederick,40.99,largest_reachable_block_below_acreage_min_even_with_crossings
1118400006,Frederick,45.77,largest_reachable_block_below_acreage_min_even_with_crossings
1102240270,Frederick,46.81,largest_reachable_block_below_acreage_min_even_with_crossings
1102241277,Frederick,42.79,largest_reachable_block_below_acreage_min_even_with_crossings
1103163776,Frederick,97.92,largest_reachable_block_below_acreage_min_even_with_crossings
1122437291,Frederick,67.82,largest_reachable_block_below_acreage_min_even_with_crossings
1107233183,Frederick,262.68,largest_reachable_block_below_acreage_min_even_with_crossings
1108224307,Frederick,47.0,largest_reachable_block_below_acreage_min_even_with_crossings
1109317295,Frederick,51.71,largest_reachable_block_below_acreage_min_even_with_crossings
1110278619,Frederick,45.28,largest_reachable_block_below_acreage_min_even_with_crossings
1118400456,Frederick,87.37,mprp_tier_1_intersects_studied_route
1110278651,Frederick,41.74,largest_reachable_block_below_acreage_min_even_with_crossings
1112298153,Frederick,73.37,largest_reachable_block_below_acreage_min_even_with_crossings
1118400502,Frederick,49.06,mprp_tier_1_intersects_studied_route
1118400510,Frederick,80.24,mprp_tier_1_intersects_studied_route
1108224420,Frederick,44.05,largest_reachable_block_below_acreage_min_even_with_crossings
1110278740,Frederick,41.71,largest_reachable_block_below_acreage_min_even_with_crossings
1115362197,Frederick,42.86,largest_reachable_block_below_acreage_min_even_with_crossings
1109318569,Frederick,41.11,largest_reachable_block_below_acreage_min_even_with_crossings
1118401681,Frederick,44.87,mprp_tier_1_intersects_studied_route
1119393720,Frederick,112.13,mprp_tier_1_intersects_studied_route
1119393984,Frederick,56.03,largest_reachable_block_below_acreage_min_even_with_crossings
1123457849,Frederick,47.18,largest_reachable_block_below_acreage_min_even_with_crossings
1107242085,Frederick,95.26,owner_type_government
1119394077,Frederick,44.2,largest_reachable_block_below_acreage_min_even_with_crossings
1116366293,Frederick,69.67,largest_reachable_block_below_acreage_min_even_with_crossings
1107243898,Frederick,57.32,largest_reachable_block_below_acreage_min_even_with_crossings
1107244045,Frederick,48.73,largest_reachable_block_below_acreage_min_even_with_crossings
1114328017,Frederick,54.16,largest_reachable_block_below_acreage_min_even_with_crossings
1114328025,Frederick,56.72,largest_reachable_block_below_acreage_min_even_with_crossings
1115363746,Frederick,51.72,largest_reachable_block_below_acreage_min_even_with_crossings
1116366315,Frederick,67.75,largest_reachable_block_below_acreage_min_even_with_crossings
1103169820,Frederick,68.82,largest_reachable_block_below_acreage_min_even_with_crossings
1109322078,Frederick,43.72,largest_reachable_block_below_acreage_min_even_with_crossings
1112298358,Frederick,116.28,largest_reachable_block_below_acreage_min_even_with_crossings
1126445809,Frederick,55.67,largest_reachable_block_below_acreage_min_even_with_crossings
1126512271,Frederick,64.94,largest_reachable_block_below_acreage_min_even_with_crossings
1103171515,Frederick,44.85,largest_reachable_block_below_acreage_min_even_with_crossings
1121437816,Frederick,50.73,largest_reachable_block_below_acreage_min_even_with_crossings
1101046063,Frederick,40.28,largest_reachable_block_below_acreage_min_even_with_crossings
1102465027,Frederick,618.25,owner_type_government
1102466392,Frederick,74.06,largest_reachable_block_below_acreage_min_even_with_crossings
1107256779,Frederick,245.8,largest_reachable_block_below_acreage_min_even_with_crossings
1114328475,Frederick,113.54,largest_reachable_block_below_acreage_min_even_with_crossings
1115364211,Frederick,55.6,largest_reachable_block_below_acreage_min_even_with_crossings
1102466716,Frederick,47.52,largest_reachable_block_below_acreage_min_even_with_crossings
1112588337,Frederick,60.31,largest_reachable_block_below_acreage_min_even_with_crossings
1123588552,Frederick,110.48,largest_reachable_block_below_acreage_min_even_with_crossings
1102589621,Frederick,45.38,largest_reachable_block_below_acreage_min_even_with_crossings
1109589623,Frederick,128.59,largest_reachable_block_below_acreage_min_even_with_crossings
1102589678,Frederick,40.44,largest_reachable_block_below_acreage_min_even_with_crossings
1117589802,Frederick,50.34,largest_reachable_block_below_acreage_min_even_with_crossings
1109589800,Frederick,212.03,largest_reachable_block_below_acreage_min_even_with_crossings
1115589811,Frederick,57.71,largest_reachable_block_below_acreage_min_even_with_crossings
1115589810,Frederick,365.53,largest_reachable_block_below_acreage_min_even_with_crossings
1108591660,Frederick,101.59,largest_reachable_block_below_acreage_min_even_with_crossings
1108592983,Frederick,40.32,largest_reachable_block_below_acreage_min_even_with_crossings
1108593157,Frederick,109.43,largest_reachable_block_below_acreage_min_even_with_crossings
1118594888,Frederick,50.14,largest_reachable_block_below_acreage_min_even_with_crossings
1109597733,Frederick,45.17,mprp_tier_1_intersects_studied_route
1116598769,Frederick,77.31,largest_reachable_block_below_acreage_min_even_with_crossings
1111599319,Frederick,80.72,largest_reachable_block_below_acreage_min_even_with_crossings
1108599572,Frederick,72.3,largest_reachable_block_below_acreage_min_even_with_crossings
1108600754,Frederick,40.14,largest_reachable_block_below_acreage_min_even_with_crossings
1107600865,Frederick,77.48,largest_reachable_block_below_acreage_min_even_with_crossings
1128601946,Frederick,62.56,largest_reachable_block_below_acreage_min_even_with_crossings
1105602011,Frederick,152.74,owner_type_government
1113603848,Frederick,106.82,largest_reachable_block_below_acreage_min_even_with_crossings
2220011343,Washington,222.23,largest_reachable_block_below_acreage_min_even_with_crossings
2220008423,Washington,95.08,largest_reachable_block_below_acreage_min_even_with_crossings
2220010673,Washington,42.42,largest_reachable_block_below_acreage_min_even_with_crossings
2220009519,Washington,112.71,largest_reachable_block_below_acreage_min_even_with_crossings
2220003715,Washington,91.96,largest_reachable_block_below_acreage_min_even_with_crossings
2220011149,Washington,161.31,largest_reachable_block_below_acreage_min_even_with_crossings
2220014997,Washington,137.86,largest_reachable_block_below_acreage_min_even_with_crossings
2220008547,Washington,50.01,largest_reachable_block_below_acreage_min_even_with_crossings
2220009764,Washington,41.13,largest_reachable_block_below_acreage_min_even_with_crossings
2220004118,Washington,52.38,largest_reachable_block_below_acreage_min_even_with_crossings
2220008709,Washington,53.47,largest_reachable_block_below_acreage_min_even_with_crossings
2220015640,Washington,185.23,largest_reachable_block_below_acreage_min_even_with_crossings
2220003596,Washington,44.57,largest_reachable_block_below_acreage_min_even_with_crossings
2220001801,Washington,43.51,largest_reachable_block_below_acreage_min_even_with_crossings
2220003561,Washington,64.82,largest_reachable_block_below_acreage_min_even_with_crossings
2220002905,Washington,67.33,largest_reachable_block_below_acreage_min_even_with_crossings
2220003022,Washington,40.73,largest_reachable_block_below_acreage_min_even_with_crossings
2202019817,Washington,50.22,largest_reachable_block_below_acreage_min_even_with_crossings
2220012242,Washington,50.42,largest_reachable_block_below_acreage_min_even_with_crossings
2220011475,Washington,108.65,largest_reachable_block_below_acreage_min_even_with_crossings
2220014881,Washington,135.25,largest_reachable_block_below_acreage_min_even_with_crossings
2201019708,Washington,42.19,largest_reachable_block_below_acreage_min_even_with_crossings
2201007653,Washington,145.94,largest_reachable_block_below_acreage_min_even_with_crossings
2201006827,Washington,127.53,largest_reachable_block_below_acreage_min_even_with_crossings
2201011065,Washington,50.6,largest_reachable_block_below_acreage_min_even_with_crossings
2201021184,Washington,40.32,largest_reachable_block_below_acreage_min_even_with_crossings
2201007351,Washington,174.41,largest_reachable_block_below_acreage_min_even_with_crossings
2201067551,Washington,40.0,largest_reachable_block_below_acreage_min_even_with_crossings
2201019813,Washington,67.28,largest_reachable_block_below_acreage_min_even_with_crossings
2201021869,Washington,41.26,largest_reachable_block_below_acreage_min_even_with_crossings
2201009842,Washington,149.52,owner_type_government
2211015107,Washington,95.74,largest_reachable_block_below_acreage_min_even_with_crossings
2211015077,Washington,135.81,largest_reachable_block_below_acreage_min_even_with_crossings
2201002570,Washington,47.17,largest_reachable_block_below_acreage_min_even_with_crossings
2201021982,Washington,68.22,largest_reachable_block_below_acreage_min_even_with_crossings
2201005626,Washington,47.36,largest_reachable_block_below_acreage_min_even_with_crossings
2201006053,Washington,53.45,largest_reachable_block_below_acreage_min_even_with_crossings
2201004506,Washington,40.14,largest_reachable_block_below_acreage_min_even_with_crossings
2201008471,Washington,161.72,largest_reachable_block_below_acreage_min_even_with_crossings
2201013440,Washington,53.64,largest_reachable_block_below_acreage_min_even_with_crossings
2201018418,Washington,64.26,largest_reachable_block_below_acreage_min_even_with_crossings
2211005632,Washington,509.37,largest_reachable_block_below_acreage_min_even_with_crossings
2201022040,Washington,42.76,largest_reachable_block_below_acreage_min_even_with_crossings
2201002082,Washington,104.24,largest_reachable_block_below_acreage_min_even_with_crossings
2208001464,Washington,594.83,largest_reachable_block_below_acreage_min_even_with_crossings
2208004935,Washington,41.42,largest_reachable_block_below_acreage_min_even_with_crossings
2208001774,Washington,50.13,largest_reachable_block_below_acreage_min_even_with_crossings
2208003556,Washington,44.63,largest_reachable_block_below_acreage_min_even_with_crossings
2208006253,Washington,45.69,largest_reachable_block_below_acreage_min_even_with_crossings
2208006210,Washington,77.77,largest_reachable_block_below_acreage_min_even_with_crossings
2208001189,Washington,61.76,largest_reachable_block_below_acreage_min_even_with_crossings
2208006695,Washington,41.06,largest_reachable_block_below_acreage_min_even_with_crossings
2208008914,Washington,42.92,largest_reachable_block_below_acreage_min_even_with_crossings
2208003351,Washington,42.56,largest_reachable_block_below_acreage_min_even_with_crossings
2211003621,Washington,56.85,largest_reachable_block_below_acreage_min_even_with_crossings
2211006167,Washington,49.2,largest_reachable_block_below_acreage_min_even_with_crossings
2208008167,Washington,85.13,largest_reachable_block_below_acreage_min_even_with_crossings
2211008496,Washington,54.83,largest_reachable_block_below_acreage_min_even_with_crossings
2211004733,Washington,130.73,largest_reachable_block_below_acreage_min_even_with_crossings
2211011241,Washington,41.19,largest_reachable_block_below_acreage_min_even_with_crossings
2201005472,Washington,50.57,largest_reachable_block_below_acreage_min_even_with_crossings
2201003143,Washington,98.9,largest_reachable_block_below_acreage_min_even_with_crossings
2201009192,Washington,139.77,largest_reachable_block_below_acreage_min_even_with_crossings
2201008862,Washington,62.37,largest_reachable_block_below_acreage_min_even_with_crossings
2212010486,Washington,40.19,largest_reachable_block_below_acreage_min_even_with_crossings
2212006020,Washington,72.44,largest_reachable_block_below_acreage_min_even_with_crossings
2212006047,Washington,180.15,largest_reachable_block_below_acreage_min_even_with_crossings
2212006799,Washington,45.56,largest_reachable_block_below_acreage_min_even_with_crossings
2201002635,Washington,134.93,owner_type_government
2201006916,Washington,123.97,owner_type_government
2212008309,Washington,90.8,largest_reachable_block_below_acreage_min_even_with_crossings
2219004368,Washington,53.35,largest_reachable_block_below_acreage_min_even_with_crossings
2219001105,Washington,144.61,largest_reachable_block_below_acreage_min_even_with_crossings
2219002799,Washington,42.41,largest_reachable_block_below_acreage_min_even_with_crossings
2219005100,Washington,49.34,largest_reachable_block_below_acreage_min_even_with_crossings
2212012934,Washington,59.92,largest_reachable_block_below_acreage_min_even_with_crossings
2212003668,Washington,45.98,largest_reachable_block_below_acreage_min_even_with_crossings
2212001029,Washington,62.96,largest_reachable_block_below_acreage_min_even_with_crossings
2206009042,Washington,102.21,largest_reachable_block_below_acreage_min_even_with_crossings
2206028462,Washington,45.31,largest_reachable_block_below_acreage_min_even_with_crossings
2206029639,Washington,77.8,largest_reachable_block_below_acreage_min_even_with_crossings
2212005318,Washington,43.33,largest_reachable_block_below_acreage_min_even_with_crossings
2206025536,Washington,176.28,largest_reachable_block_below_acreage_min_even_with_crossings
2219000923,Washington,63.8,largest_reachable_block_below_acreage_min_even_with_crossings
2219003353,Washington,44.46,largest_reachable_block_below_acreage_min_even_with_crossings
2219008029,Washington,42.86,largest_reachable_block_below_acreage_min_even_with_crossings
2219012204,Washington,49.81,largest_reachable_block_below_acreage_min_even_with_crossings
2212014201,Washington,484.48,owner_type_government
2219011801,Washington,92.46,largest_reachable_block_below_acreage_min_even_with_crossings
2212010028,Washington,69.6,largest_reachable_block_below_acreage_min_even_with_crossings
2212000553,Washington,41.73,largest_reachable_block_below_acreage_min_even_with_crossings
2212005601,Washington,40.83,largest_reachable_block_below_acreage_min_even_with_crossings
2202021242,Washington,41.41,largest_reachable_block_below_acreage_min_even_with_crossings
2212014198,Washington,826.72,owner_type_government
2216001759,Washington,99.82,largest_reachable_block_below_acreage_min_even_with_crossings
2216022055,Washington,44.23,largest_reachable_block_below_acreage_min_even_with_crossings
2212002610,Washington,40.23,largest_reachable_block_below_acreage_min_even_with_crossings
2212007280,Washington,99.0,largest_reachable_block_below_acreage_min_even_with_crossings
2210031486,Washington,217.41,owner_type_government
2201002651,Washington,167.53,owner_type_government
2201008382,Washington,185.53,owner_type_government
2201010514,Washington,42.08,largest_reachable_block_below_acreage_min_even_with_crossings
2201012940,Washington,41.34,owner_type_government
2201019104,Washington,147.12,owner_type_government
2201019279,Washington,185.6,owner_type_government
2201021958,Washington,51.97,largest_reachable_block_below_acreage_min_even_with_crossings
2201008277,Washington,108.56,largest_reachable_block_below_acreage_min_even_with_crossings
2201000683,Washington,56.14,owner_type_government
2201011189,Washington,51.43,largest_reachable_block_below_acreage_min_even_with_crossings
2201000888,Washington,49.76,largest_reachable_block_below_acreage_min_even_with_crossings
2201011197,Washington,136.69,owner_type_government
2201010522,Washington,156.16,largest_reachable_block_below_acreage_min_even_with_crossings
2201003097,Washington,131.83,largest_reachable_block_below_acreage_min_even_with_crossings
2201019236,Washington,193.74,owner_type_government
2201019333,Washington,118.5,largest_reachable_block_below_acreage_min_even_with_crossings
2201020404,Washington,57.75,largest_reachable_block_below_acreage_min_even_with_crossings
2201012703,Washington,43.18,largest_reachable_block_below_acreage_min_even_with_crossings
2201006290,Washington,103.91,largest_reachable_block_below_acreage_min_even_with_crossings
2219001555,Washington,60.08,largest_reachable_block_below_acreage_min_even_with_crossings
2219004457,Washington,48.66,largest_reachable_block_below_acreage_min_even_with_crossings
2219002748,Washington,45.92,largest_reachable_block_below_acreage_min_even_with_crossings
2219004422,Washington,51.47,largest_reachable_block_below_acreage_min_even_with_crossings
2208004919,Washington,53.73,largest_reachable_block_below_acreage_min_even_with_crossings
2208001383,Washington,69.39,largest_reachable_block_below_acreage_min_even_with_crossings
2208003408,Washington,48.11,largest_reachable_block_below_acreage_min_even_with_crossings
2219004325,Washington,132.59,largest_reachable_block_below_acreage_min_even_with_crossings
2208001154,Washington,43.52,largest_reachable_block_below_acreage_min_even_with_crossings
2208001618,Washington,51.68,largest_reachable_block_below_acreage_min_even_with_crossings
2208007101,Washington,44.51,largest_reachable_block_below_acreage_min_even_with_crossings
2208001472,Washington,51.27,largest_reachable_block_below_acreage_min_even_with_crossings
2208000751,Washington,49.57,largest_reachable_block_below_acreage_min_even_with_crossings
2208002878,Washington,65.19,largest_reachable_block_below_acreage_min_even_with_crossings
2208014094,Washington,50.83,largest_reachable_block_below_acreage_min_even_with_crossings
2208003300,Washington,49.77,largest_reachable_block_below_acreage_min_even_with_crossings
2208005311,Washington,57.14,largest_reachable_block_below_acreage_min_even_with_crossings
2206034624,Washington,63.9,largest_reachable_block_below_acreage_min_even_with_crossings
2208016291,Washington,137.03,owner_type_government
2219002683,Washington,111.83,largest_reachable_block_below_acreage_min_even_with_crossings
2219004201,Washington,130.67,largest_reachable_block_below_acreage_min_even_with_crossings
2208000247,Washington,48.24,largest_reachable_block_below_acreage_min_even_with_crossings
2212065751,Washington,53.79,owner_type_government
2201065161,Washington,84.26,largest_reachable_block_below_acreage_min_even_with_crossings
2210019907,Washington,120.66,largest_reachable_block_below_acreage_min_even_with_crossings
2206008798,Washington,60.14,largest_reachable_block_below_acreage_min_even_with_crossings
2219005364,Washington,111.18,largest_reachable_block_below_acreage_min_even_with_crossings
2206031366,Washington,50.14,largest_reachable_block_below_acreage_min_even_with_crossings
2206023525,Washington,150.21,owner_type_government
2206008593,Washington,43.34,largest_reachable_block_below_acreage_min_even_with_crossings
2206004210,Washington,42.41,largest_reachable_block_below_acreage_min_even_with_crossings
2206008615,Washington,43.51,largest_reachable_block_below_acreage_min_even_with_crossings
2206023606,Washington,53.18,largest_reachable_block_below_acreage_min_even_with_crossings
2206034438,Washington,40.56,largest_reachable_block_below_acreage_min_even_with_crossings
2206001076,Washington,51.45,largest_reachable_block_below_acreage_min_even_with_crossings
2219067679,Washington,103.09,largest_reachable_block_below_acreage_min_even_with_crossings
2206000606,Washington,50.94,largest_reachable_block_below_acreage_min_even_with_crossings
2211065726,Washington,47.15,largest_reachable_block_below_acreage_min_even_with_crossings
2208016585,Washington,61.29,largest_reachable_block_below_acreage_min_even_with_crossings
2211009271,Washington,56.41,largest_reachable_block_below_acreage_min_even_with_crossings
2211000940,Washington,97.37,largest_reachable_block_below_acreage_min_even_with_crossings
2208004498,Washington,117.78,largest_reachable_block_below_acreage_min_even_with_crossings
2208009538,Washington,124.55,largest_reachable_block_below_acreage_min_even_with_crossings
2208000638,Washington,83.88,largest_reachable_block_below_acreage_min_even_with_crossings
2208000719,Washington,40.0,largest_reachable_block_below_acreage_min_even_with_crossings
2208000611,Washington,65.49,largest_reachable_block_below_acreage_min_even_with_crossings
2208006806,Washington,44.26,largest_reachable_block_below_acreage_min_even_with_crossings
2208002967,Washington,54.65,largest_reachable_block_below_acreage_min_even_with_crossings
2208001707,Washington,42.94,largest_reachable_block_below_acreage_min_even_with_crossings
2208012350,Washington,106.27,largest_reachable_block_below_acreage_min_even_with_crossings
2208016801,Washington,50.42,largest_reachable_block_below_acreage_min_even_with_crossings
2208001405,Washington,73.45,largest_reachable_block_below_acreage_min_even_with_crossings
2208001421,Washington,160.32,largest_reachable_block_below_acreage_min_even_with_crossings
2208013195,Washington,118.93,largest_reachable_block_below_acreage_min_even_with_crossings
2211014860,Washington,53.09,largest_reachable_block_below_acreage_min_even_with_crossings
2208010838,Washington,42.85,largest_reachable_block_below_acreage_min_even_with_crossings
2208010811,Washington,83.96,largest_reachable_block_below_acreage_min_even_with_crossings
2211007554,Washington,77.36,largest_reachable_block_below_acreage_min_even_with_crossings
2208014531,Washington,41.21,largest_reachable_block_below_acreage_min_even_with_crossings
2211014852,Washington,71.96,largest_reachable_block_below_acreage_min_even_with_crossings
2216018783,Washington,98.58,largest_reachable_block_below_acreage_min_even_with_crossings
2216019968,Washington,88.28,largest_reachable_block_below_acreage_min_even_with_crossings
2216019739,Washington,41.64,largest_reachable_block_below_acreage_min_even_with_crossings
2216012831,Washington,47.09,largest_reachable_block_below_acreage_min_even_with_crossings
2216012866,Washington,50.01,largest_reachable_block_below_acreage_min_even_with_crossings
2216065266,Washington,51.83,largest_reachable_block_below_acreage_min_even_with_crossings
2216008834,Washington,43.63,largest_reachable_block_below_acreage_min_even_with_crossings
2216002445,Washington,78.19,largest_reachable_block_below_acreage_min_even_with_crossings
2216011401,Washington,117.49,largest_reachable_block_below_acreage_min_even_with_crossings
2216008567,Washington,40.48,largest_reachable_block_below_acreage_min_even_with_crossings
2216000892,Washington,40.09,largest_reachable_block_below_acreage_min_even_with_crossings
2216005606,Washington,46.67,largest_reachable_block_below_acreage_min_even_with_crossings
2216018805,Washington,91.99,largest_reachable_block_below_acreage_min_even_with_crossings
2216019933,Washington,54.03,largest_reachable_block_below_acreage_min_even_with_crossings
2216020001,Washington,272.42,owner_type_government
2216012548,Washington,78.41,largest_reachable_block_below_acreage_min_even_with_crossings
2216018813,Washington,152.17,largest_reachable_block_below_acreage_min_even_with_crossings
2216007129,Washington,136.82,largest_reachable_block_below_acreage_min_even_with_crossings
2216008273,Washington,41.5,largest_reachable_block_below_acreage_min_even_with_crossings
2216006130,Washington,104.28,largest_reachable_block_below_acreage_min_even_with_crossings
2206024130,Washington,55.64,largest_reachable_block_below_acreage_min_even_with_crossings
2206011217,Washington,56.72,largest_reachable_block_below_acreage_min_even_with_crossings
2206023983,Washington,92.1,largest_reachable_block_below_acreage_min_even_with_crossings
2206015379,Washington,42.64,largest_reachable_block_below_acreage_min_even_with_crossings
2206003966,Washington,65.11,largest_reachable_block_below_acreage_min_even_with_crossings
2206003974,Washington,91.52,largest_reachable_block_below_acreage_min_even_with_crossings
2206065460,Washington,49.66,largest_reachable_block_below_acreage_min_even_with_crossings
2206018408,Washington,41.33,largest_reachable_block_below_acreage_min_even_with_crossings
2207024142,Washington,81.47,largest_reachable_block_below_acreage_min_even_with_crossings
2207012977,Washington,59.0,largest_reachable_block_below_acreage_min_even_with_crossings
2207012934,Washington,44.22,largest_reachable_block_below_acreage_min_even_with_crossings
2207026471,Washington,47.24,largest_reachable_block_below_acreage_min_even_with_crossings
2207018150,Washington,149.63,largest_reachable_block_below_acreage_min_even_with_crossings
2206023274,Washington,89.05,owner_type_government
2206002862,Washington,41.89,largest_reachable_block_below_acreage_min_even_with_crossings
2206066992,Washington,41.86,largest_reachable_block_below_acreage_min_even_with_crossings
2216018775,Washington,45.45,largest_reachable_block_below_acreage_min_even_with_crossings
2216019917,Washington,53.36,largest_reachable_block_below_acreage_min_even_with_crossings
2206065627,Washington,49.97,largest_reachable_block_below_acreage_min_even_with_crossings
